Protocollo;Gruppo;DataOraIncidente;Localizzazione1;STRADA1;Localizzazione2;STRADA2;Strada02;Chilometrica;DaSpecificare;NaturaIncidente;particolaritastrade;TipoStrada;FondoStradale;Pavimentazione;Segnaletica;CondizioneAtmosferica;Traffico;Visibilita;Illuminazione;NUM_FERITI;NUM_RISERVATA;NUM_MORTI;NUM_ILLESI;Longitudine;Latitudine;Confermato;Progressivo;TipoVeicolo;StatoVeicolo;TipoPersona;Sesso;Tipolesione;Deceduto;DecedutoDopo;CinturaCascoUtilizzato;Airbag
1874285;19;02/05/2011 21:55;Strada Urbana;PIAZZA ALFONSO CAPECELATRO;da specificare;;;;altezza attraversamento pedonale civ. 7;Investimento di pedone;Curva a visuale libera;Una carreggiata a doppio senso;Bagnato (pioggia);Asfaltata;Orizzontale;Pioggia in atto;Scarso;Sufficiente;Sufficiente;1;0;0;1;;;-1;1;Motociclo a solo;In marcia / fermata / arresto;Conducente;M;Illeso;0;;Non accertato;Inesistente
1874287;10;02/05/2011 07:35;Strada Urbana;VIA MASO FINIGUERRA;all'intersezione con;VIA GAETANO LODI;VIA GAETANO LODI;;;Scontro frontale/laterale DX fra veicoli in marcia;Incrocio;Due carreggiate;Asciutto;Asfaltata;Verticale;Sereno;Normale;Buona;Ore Diurne;0;0;0;4;;;-1;1;Autovettura privata;In marcia / fermata / arresto;Conducente;F;Illeso;0;;Non accertato;Inesistente
1874287;10;02/05/2011 07:35;Strada Urbana;VIA MASO FINIGUERRA;all'intersezione con;VIA GAETANO LODI;VIA GAETANO LODI;;;Scontro frontale/laterale DX fra veicoli in marcia;Incrocio;Due carreggiate;Asciutto;Asfaltata;Verticale;Sereno;Normale;Buona;Ore Diurne;0;0;0;4;;;-1;2;Autovettura privata;In marcia / fermata / arresto;Conducente;M;Illeso;0;;Non accertato;Inesistente
1874287;10;02/05/2011 07:35;Strada Urbana;VIA MASO FINIGUERRA;all'intersezione con;VIA GAETANO LODI;VIA GAETANO LODI;;;Scontro frontale/laterale DX fra veicoli in marcia;Incrocio;Due carreggiate;Asciutto;Asfaltata;Verticale;Sereno;Normale;Buona;Ore Diurne;0;0;0;4;;;-1;2;Autovettura privata;In marcia / fermata / arresto;Passeggero;F;Illeso;0;;Non accertato;Inesistente
1874287;10;02/05/2011 07:35;Strada Urbana;VIA MASO FINIGUERRA;all'intersezione con;VIA GAETANO LODI;VIA GAETANO LODI;;;Scontro frontale/laterale DX fra veicoli in marcia;Incrocio;Due carreggiate;Asciutto;Asfaltata;Verticale;Sereno;Normale;Buona;Ore Diurne;0;0;0;4;;;-1;2;Autovettura privata;In marcia / fermata / arresto;Passeggero;F;Illeso;0;;Non accertato;Inesistente
1874288;10;02/05/2011 14:45;Strada Urbana;VIA DEL FOSSO DI S. ANDREA;in prossimità;;del civico n. ;153;;Veicolo in marcia contro veicolo fermo;Rettilineo;Una carreggiata a doppio senso;Asciutto;Asfaltata;Assente;Nuvoloso;Normale;Buona;Ore Diurne;0;0;0;3;;;-1;1;Autovettura privata;In marcia / fermata / arresto;Conducente;M;Illeso;0;;Non accertato;Inesistente
1874288;10;02/05/2011 14:45;Strada Urbana;VIA DEL FOSSO DI S. ANDREA;in prossimità;;del civico n. ;153;;Veicolo in marcia contro veicolo fermo;Rettilineo;Una carreggiata a doppio senso;Asciutto;Asfaltata;Assente;Nuvoloso;Normale;Buona;Ore Diurne;0;0;0;3;;;-1;2;Autovettura privata;In marcia / fermata / arresto;Conducente;F;Illeso;0;;Non accertato;Inesistente
1874288;10;02/05/2011 14:45;Strada Urbana;VIA DEL FOSSO DI S. ANDREA;in prossimità;;del civico n. ;153;;Veicolo in marcia contro veicolo fermo;Rettilineo;Una carreggiata a doppio senso;Asciutto;Asfaltata;Assente;Nuvoloso;Normale;Buona;Ore Diurne;0;0;0;3;;;-1;2;Autovettura privata;In marcia / fermata / arresto;Passeggero;F;Illeso;0;;Non accertato;Inesistente
1874289;10;02/05/2011 16:00;Strada Urbana;VIA TUSCOLANA;all'intersezione semaforizzata con;VIA DELLE CAPANNELLE;VIA DELLE CAPANNELLE;;;Tamponamento;Intersezione semaforizzata;Più di due carreggiate;Asciutto;Asfaltata;Verticale ed orizzontale;Nuvoloso;Intenso;Buona;Ore Diurne;0;0;0;2;;;-1;1;Autovettura privata;In marcia / fermata / arresto;Conducente;M;Illeso;0;;Non accertato;Inesploso
1874289;10;02/05/2011 16:00;Strada Urbana;VIA TUSCOLANA;all'intersezione semaforizzata con;VIA DELLE CAPANNELLE;VIA DELLE CAPANNELLE;;;Tamponamento;Intersezione semaforizzata;Più di due carreggiate;Asciutto;Asfaltata;Verticale ed orizzontale;Nuvoloso;Intenso;Buona;Ore Diurne;0;0;0;2;;;-1;2;Autovettura privata;In marcia / fermata / arresto;Conducente;F;Illeso;0;;Non accertato;Inesploso
1874291;10;02/05/2011 17:40;Strada Urbana;VIA DI CASAL MORENA;all'intersezione con;VIA SAN BASILE;VIA SAN BASILE;;;Scontro laterale fra veicoli in marcia;Incrocio;Una carreggiata a doppio senso;Asciutto;Asfaltata;Verticale ed orizzontale;Nuvoloso;Normale;Buona;Ore Diurne;0;0;0;3;;;-1;1;Autovettura privata;In marcia / fermata / arresto;Conducente;F;Illeso;0;;Non accertato;Inesploso
1874291;10;02/05/2011 17:40;Strada Urbana;VIA DI CASAL MORENA;all'intersezione con;VIA SAN BASILE;VIA SAN BASILE;;;Scontro laterale fra veicoli in marcia;Incrocio;Una carreggiata a doppio senso;Asciutto;Asfaltata;Verticale ed orizzontale;Nuvoloso;Normale;Buona;Ore Diurne;0;0;0;3;;;-1;1;Autovettura privata;In marcia / fermata / arresto;Passeggero;F;Illeso;0;;Non accertato;Inesploso
1874291;10;02/05/2011 17:40;Strada Urbana;VIA DI CASAL MORENA;all'intersezione con;VIA SAN BASILE;VIA SAN BASILE;;;Scontro laterale fra veicoli in marcia;Incrocio;Una carreggiata a doppio senso;Asciutto;Asfaltata;Verticale ed orizzontale;Nuvoloso;Normale;Buona;Ore Diurne;0;0;0;3;;;-1;2;Autobus urbano;In marcia / fermata / arresto;Conducente;M;Illeso;0;;Non accertato;Inesploso
1874292;7;03/05/2011 06:30;Strada Urbana;VIA COLLATINA;all'intersezione con;VIA EMILIO LONGONI;VIA EMILIO LONGONI;;;Tamponamento;Incrocio;Una carreggiata a doppio senso;Bagnato (umidità in atto);Asfaltata;Orizzontale;Sereno;Normale;Buona;Ore Diurne;0;0;0;3;;;-1;1;Autovettura privata;In marcia / fermata / arresto;Conducente;M;Illeso;0;;Non accertato;Inesistente
1874292;7;03/05/2011 06:30;Strada Urbana;VIA COLLATINA;all'intersezione con;VIA EMILIO LONGONI;VIA EMILIO LONGONI;;;Tamponamento;Incrocio;Una carreggiata a doppio senso;Bagnato (umidità in atto);Asfaltata;Orizzontale;Sereno;Normale;Buona;Ore Diurne;0;0;0;3;;;-1;1;Autovettura privata;In marcia / fermata / arresto;Passeggero;M;Illeso;0;;Non accertato;Inesistente
1874292;7;03/05/2011 06:30;Strada Urbana;VIA COLLATINA;all'intersezione con;VIA EMILIO LONGONI;VIA EMILIO LONGONI;;;Tamponamento;Incrocio;Una carreggiata a doppio senso;Bagnato (umidità in atto);Asfaltata;Orizzontale;Sereno;Normale;Buona;Ore Diurne;0;0;0;3;;;-1;2;Autocarro inferiore 35 q.;In marcia / fermata / arresto;Conducente;M;Illeso;0;;Non accertato;Inesistente
1874293;20;02/05/2011 18:00;Strada Urbana;VIALE DI TOR DI QUINTO;da specificare;;;;fronte civico 33;Veicolo in marcia contro ostacolo fisso;Rettilineo;Una carreggiata a senso unico di marcia;Asciutto;Asfaltata;Verticale ed orizzontale;Nuvoloso;Normale;Buona;Ore Diurne;0;0;0;1;;;-1;1;Autovettura privata;In marcia / fermata / arresto;Conducente;F;Illeso;0;;Non accertato;Inesistente
1874294;7;02/05/2011 06:30;Strada Urbana;VIA PIETRO FUMAROLI;in corrispondenza;;del civico n. ;26;;Scontro laterale fra veicoli in marcia;Rettilineo;Una carreggiata a senso unico di marcia;Asciutto;Asfaltata;Assente;Sereno;Scarso;Buona;Ore Diurne;1;0;0;1;;;-1;1;Motociclo a solo;In marcia / fermata / arresto;Conducente;M;Rimandato;0;NON DECEDUTO;Non accertato;Inesistente
1874294;7;02/05/2011 06:30;Strada Urbana;VIA PIETRO FUMAROLI;in corrispondenza;;del civico n. ;26;;Scontro laterale fra veicoli in marcia;Rettilineo;Una carreggiata a senso unico di marcia;Asciutto;Asfaltata;Assente;Sereno;Scarso;Buona;Ore Diurne;1;0;0;1;;;-1;2;Autovettura privata;In marcia / fermata / arresto;Conducente;M;Illeso;0;;Non accertato;Inesploso
1874295;20;02/05/2011 09:00;Strada Urbana;VIA CASSIA;in prossimità;;del civico n. ;901;;Scontro frontale/laterale DX fra veicoli in marcia;Rettilineo;Una carreggiata a doppio senso;Asciutto;Asfaltata;Verticale ed orizzontale;Nuvoloso;Normale;Buona;Ore Diurne;0;0;0;2;;;-1;1;Motociclo a solo;In marcia / fermata / arresto;Conducente;M;Illeso;0;;Non accertato;Inesistente
1874295;20;02/05/2011 09:00;Strada Urbana;VIA CASSIA;in prossimità;;del civico n. ;901;;Scontro frontale/laterale DX fra veicoli in marcia;Rettilineo;Una carreggiata a doppio senso;Asciutto;Asfaltata;Verticale ed orizzontale;Nuvoloso;Normale;Buona;Ore Diurne;0;0;0;2;;;-1;2;Autovettura privata;In marcia / fermata / arresto;Conducente;M;Illeso;0;;Non accertato;Inesistente
1874297;18;02/05/2011 09:30;Strada Urbana;VIA DI CASAL SELCE;in corrispondenza;;del civico n. ;390;;Tamponamento Multiplo;Rettilineo;Una carreggiata a doppio senso;Asciutto;Asfaltata;Verticale ed orizzontale;Nuvoloso;Normale;Buona;Ore Diurne;1;0;0;2;;;-1;1;Autovettura privata;In marcia / fermata / arresto;Conducente;M;Rimandato;0;NON DECEDUTO;Non accertato;Inesistente
1874297;18;02/05/2011 09:30;Strada Urbana;VIA DI CASAL SELCE;in corrispondenza;;del civico n. ;390;;Tamponamento Multiplo;Rettilineo;Una carreggiata a doppio senso;Asciutto;Asfaltata;Verticale ed orizzontale;Nuvoloso;Normale;Buona;Ore Diurne;1;0;0;2;;;-1;2;Autovettura privata;In marcia / fermata / arresto;Conducente;M;Illeso;0;;Non accertato;Inesploso
1874297;18;02/05/2011 09:30;Strada Urbana;VIA DI CASAL SELCE;in corrispondenza;;del civico n. ;390;;Tamponamento Multiplo;Rettilineo;Una carreggiata a doppio senso;Asciutto;Asfaltata;Verticale ed orizzontale;Nuvoloso;Normale;Buona;Ore Diurne;1;0;0;2;;;-1;3;Autovettura privata;In marcia / fermata / arresto;Conducente;M;Illeso;0;;Non accertato;Inesploso
1874298;12;02/05/2011 18:45;Strada Urbana;VIALE EGEO;da specificare;;;;direz. Val Fiorita fronte civ.10;Veicolo in marcia contro veicoli in sosta;Curva senza visuale libera;Due carreggiate;Bagnato (pioggia);Asfaltata;Verticale ed orizzontale;Nuvoloso;Normale;Buona;Ore Diurne;0;0;0;1;;;-1;1;Autovettura privata;In marcia / fermata / arresto;Conducente;M;Illeso;0;;Utilizzato;Inesistente
1874299;20;02/05/2011 12:15;Regionale entro l'abitato;VIA FLAMINIA;in prossimità;;del civico n. ;854;;Scontro laterale fra veicoli in marcia;Rettilineo;Due carreggiate;Asciutto;Asfaltata;Verticale ed orizzontale;Nuvoloso;Normale;Buona;Ore Diurne;3;0;0;0;;;-1;1;Autovettura privata;In marcia / fermata / arresto;Conducente;M;Rimandato;0;NON DECEDUTO;Non accertato;Inesistente
1874299;20;02/05/2011 12:15;Regionale entro l'abitato;VIA FLAMINIA;in prossimità;;del civico n. ;854;;Scontro laterale fra veicoli in marcia;Rettilineo;Due carreggiate;Asciutto;Asfaltata;Verticale ed orizzontale;Nuvoloso;Normale;Buona;Ore Diurne;3;0;0;0;;;-1;1;Autovettura privata;In marcia / fermata / arresto;Passeggero;F;Rimandato;0;NON DECEDUTO;Non accertato;Inesistente
1874299;20;02/05/2011 12:15;Regionale entro l'abitato;VIA FLAMINIA;in prossimità;;del civico n. ;854;;Scontro laterale fra veicoli in marcia;Rettilineo;Due carreggiate;Asciutto;Asfaltata;Verticale ed orizzontale;Nuvoloso;Normale;Buona;Ore Diurne;3;0;0;0;;;-1;2;Motociclo a solo;In marcia / fermata / arresto;Conducente;M;Rimandato;0;NON DECEDUTO;Non accertato;Inesistente
1874301;7;03/05/2011 07:30;Strada Urbana;VIA PRENESTINA;in corrispondenza;;del civico n. ;940;;Scontro frontale/laterale SX fra veicoli in marcia;Rettilineo;Una carreggiata a doppio senso;Asciutto;Asfaltata;Orizzontale;Sereno;Normale;Buona;Ore Diurne;1;0;0;1;;;-1;1;Motociclo a solo;In marcia / fermata / arresto;Conducente;M;Rimandato;0;NON DECEDUTO;Utilizzato;Inesistente
1874301;7;03/05/2011 07:30;Strada Urbana;VIA PRENESTINA;in corrispondenza;;del civico n. ;940;;Scontro frontale/laterale SX fra veicoli in marcia;Rettilineo;Una carreggiata a doppio senso;Asciutto;Asfaltata;Orizzontale;Sereno;Normale;Buona;Ore Diurne;1;0;0;1;;;-1;2;Autovettura privata;In marcia / fermata / arresto;Conducente;M;Illeso;0;;Non accertato;Inesistente
1874302;1;02/05/2011 10:30;Strada Urbana;PIAZZA DELL'ARA COELI;in prossimità;;del palo luce n. ;11;;Veicolo in marcia contro ostacolo accidentale;Rettilineo;Una carreggiata a senso unico di marcia;Viscido da liquidi oleosi;Acciotolata;Assente;Sereno;Normale;Buona;Ore Diurne;1;0;0;0;;;-1;1;Motociclo a solo;In marcia / fermata / arresto;Conducente;F;Rimandato;0;NON DECEDUTO;Non accertato;Inesistente
1874303;20;02/05/2011 13:30;Regionale entro l'abitato;VIA CASSIA;in corrispondenza;;del civico n. ;1827;;Tamponamento;Rettilineo;Una carreggiata a doppio senso;Asciutto;Asfaltata;Verticale ed orizzontale;Nuvoloso;Normale;Buona;Ore Diurne;0;0;0;3;;;-1;1;Autovettura privata;In marcia / fermata / arresto;Conducente;F;Illeso;0;;Non accertato;Inesistente
1874303;20;02/05/2011 13:30;Regionale entro l'abitato;VIA CASSIA;in corrispondenza;;del civico n. ;1827;;Tamponamento;Rettilineo;Una carreggiata a doppio senso;Asciutto;Asfaltata;Verticale ed orizzontale;Nuvoloso;Normale;Buona;Ore Diurne;0;0;0;3;;;-1;1;Autovettura privata;In marcia / fermata / arresto;Passeggero;F;Illeso;0;;Non accertato;Inesistente
1874303;20;02/05/2011 13:30;Regionale entro l'abitato;VIA CASSIA;in corrispondenza;;del civico n. ;1827;;Tamponamento;Rettilineo;Una carreggiata a doppio senso;Asciutto;Asfaltata;Verticale ed orizzontale;Nuvoloso;Normale;Buona;Ore Diurne;0;0;0;3;;;-1;2;Quadriciclo leggero;In marcia / fermata / arresto;Conducente;F;Illeso;0;;Non accertato;Inesistente
1874304;13;01/05/2011 00:10;Strada Urbana;VIALE VASCO DE GAMA;in prossimità;;del civico n. ;69;;Tamponamento Multiplo;Rettilineo;Due carreggiate;Asciutto;Asfaltata;Assente;Sereno;Scarso;Buona;Sufficiente;0;0;0;2;;;-1;1;Autovettura privata;In marcia / fermata / arresto;Conducente;M;Illeso;0;;Non accertato;Inesistente
1874304;13;01/05/2011 00:10;Strada Urbana;VIALE VASCO DE GAMA;in prossimità;;del civico n. ;69;;Tamponamento Multiplo;Rettilineo;Due carreggiate;Asciutto;Asfaltata;Assente;Sereno;Scarso;Buona;Sufficiente;0;0;0;2;;;-1;3;Autovettura privata;In marcia / fermata / arresto;Conducente;F;Illeso;0;;Non accertato;Inesistente
1874305;13;02/05/2011 07:45;Strada Urbana;VIALE CHARLES LENORMANT;da specificare;;;;in prossimità di via della Macchiarella;Scontro laterale fra veicoli in marcia;Rettilineo;Una carreggiata a doppio senso;Asciutto;Asfaltata;Verticale ed orizzontale;Nuvoloso;Normale;Buona;Ore Diurne;0;0;0;2;;;-1;1;Autovettura privata;In marcia / fermata / arresto;Conducente;M;Illeso;0;;Non accertato;Inesploso
1874305;13;02/05/2011 07:45;Strada Urbana;VIALE CHARLES LENORMANT;da specificare;;;;in prossimità di via della Macchiarella;Scontro laterale fra veicoli in marcia;Rettilineo;Una carreggiata a doppio senso;Asciutto;Asfaltata;Verticale ed orizzontale;Nuvoloso;Normale;Buona;Ore Diurne;0;0;0;2;;;-1;2;Autovettura privata;In marcia / fermata / arresto;Conducente;F;Illeso;0;;Non accertato;Inesploso
1874306;7;03/05/2011 08:35;Strada Urbana;VIA GIACOMO BRESADOLA;all'intersezione con;VIA FILIPPO SMALDONE;VIA FILIPPO SMALDONE;;;Scontro frontale/laterale DX fra veicoli in marcia;Incrocio;Una carreggiata a doppio senso;Asciutto;Asfaltata;Orizzontale;Sereno;Normale;Buona;Ore Diurne;2;0;0;0;;;-1;1;Motociclo a solo;In marcia / fermata / arresto;Conducente;F;Rimandato;0;NON DECEDUTO;Utilizzato;Inesistente
1874306;7;03/05/2011 08:35;Strada Urbana;VIA GIACOMO BRESADOLA;all'intersezione con;VIA FILIPPO SMALDONE;VIA FILIPPO SMALDONE;;;Scontro frontale/laterale DX fra veicoli in marcia;Incrocio;Una carreggiata a doppio senso;Asciutto;Asfaltata;Orizzontale;Sereno;Normale;Buona;Ore Diurne;2;0;0;0;;;-1;2;Motociclo a solo;In marcia / fermata / arresto;Conducente;M;Rifiuta cure immediate;0;NON DECEDUTO;Utilizzato;Inesistente
1874307;20;02/05/2011 22:00;Strada Urbana;VIA TRIONFALE;in corrispondenza;;del civico n. ;9020;;Scontro frontale fra veicoli in marcia;Rettilineo;Una carreggiata a doppio senso;Bagnato (pioggia);Asfaltata;Verticale ed orizzontale;Pioggia in atto;Normale;Sufficiente;Sufficiente;1;0;0;2;;;-1;1;Motociclo a solo;In marcia / fermata / arresto;Conducente;M;Rimandato;0;NON DECEDUTO;Non accertato;Inesistente
1874307;20;02/05/2011 22:00;Strada Urbana;VIA TRIONFALE;in corrispondenza;;del civico n. ;9020;;Scontro frontale fra veicoli in marcia;Rettilineo;Una carreggiata a doppio senso;Bagnato (pioggia);Asfaltata;Verticale ed orizzontale;Pioggia in atto;Normale;Sufficiente;Sufficiente;1;0;0;2;;;-1;2;Autovettura privata;In marcia / fermata / arresto;Conducente;M;Illeso;0;;Non accertato;Inesploso
1874307;20;02/05/2011 22:00;Strada Urbana;VIA TRIONFALE;in corrispondenza;;del civico n. ;9020;;Scontro frontale fra veicoli in marcia;Rettilineo;Una carreggiata a doppio senso;Bagnato (pioggia);Asfaltata;Verticale ed orizzontale;Pioggia in atto;Normale;Sufficiente;Sufficiente;1;0;0;2;;;-1;2;Autovettura privata;In marcia / fermata / arresto;Passeggero;F;Illeso;0;;Non accertato;Inesistente
1874308;13;02/05/2011 08:00;Strada Urbana;VIA DI SAPONARA;in corrispondenza;;del civico n. ;709;;Veicolo in marcia contro ostacolo fisso;Rettilineo;Una carreggiata a doppio senso;Asciutto;Asfaltata;Orizzontale;Nuvoloso;Normale;Buona;Ore Diurne;0;0;0;2;;;-1;1;Autovettura privata;In marcia / fermata / arresto;Conducente;M;Illeso;0;;Non accertato;Inesploso
1874308;13;02/05/2011 08:00;Strada Urbana;VIA DI SAPONARA;in corrispondenza;;del civico n. ;709;;Veicolo in marcia contro ostacolo fisso;Rettilineo;Una carreggiata a doppio senso;Asciutto;Asfaltata;Orizzontale;Nuvoloso;Normale;Buona;Ore Diurne;0;0;0;2;;;-1;2;Autovettura privata;In marcia / fermata / arresto;Conducente;F;Illeso;0;;Non accertato;Inesploso
1874309;13;03/05/2011 11:00;Strada Urbana;VIALE DEI PROMONTORI;all'intersezione con;VIALE GIUSEPPE GENOESE ZERBI;VIALE GIUSEPPE GENOESE ZERBI;;;Scontro frontale/laterale SX fra veicoli in marcia;Incrocio;Due carreggiate;Asciutto;Asfaltata;Verticale ed orizzontale;Nuvoloso;Normale;Buona;Ore Diurne;1;0;0;1;;;-1;1;Autovettura privata;In marcia / fermata / arresto;Conducente;F;Rimandato;0;NON DECEDUTO;Non accertato;Inesploso
1874309;13;03/05/2011 11:00;Strada Urbana;VIALE DEI PROMONTORI;all'intersezione con;VIALE GIUSEPPE GENOESE ZERBI;VIALE GIUSEPPE GENOESE ZERBI;;;Scontro frontale/laterale SX fra veicoli in marcia;Incrocio;Due carreggiate;Asciutto;Asfaltata;Verticale ed orizzontale;Nuvoloso;Normale;Buona;Ore Diurne;1;0;0;1;;;-1;2;Autovettura privata;In marcia / fermata / arresto;Conducente;M;Illeso;0;;Non accertato;Inesploso
1874310;13;02/05/2011 11:10;Strada Urbana;VIALE DI CASTEL PORZIANO;all'intersezione con;VIA TORCEGNO;VIA TORCEGNO;;;Scontro frontale/laterale DX fra veicoli in marcia;Incrocio;Una carreggiata a doppio senso;Asciutto;Asfaltata;Orizzontale;Nuvoloso;Normale;Buona;Ore Diurne;1;0;0;1;;;-1;1;Autovettura privata;In marcia / fermata / arresto;Conducente;M;Illeso;0;;Non accertato;Inesploso
1874310;13;02/05/2011 11:10;Strada Urbana;VIALE DI CASTEL PORZIANO;all'intersezione con;VIA TORCEGNO;VIA TORCEGNO;;;Scontro frontale/laterale DX fra veicoli in marcia;Incrocio;Una carreggiata a doppio senso;Asciutto;Asfaltata;Orizzontale;Nuvoloso;Normale;Buona;Ore Diurne;1;0;0;1;;;-1;2;Autovettura privata;In marcia / fermata / arresto;Conducente;M;Rimandato;0;NON DECEDUTO;Non accertato;Inesploso
1874311;13;02/05/2011 15:50;Strada Urbana;VIALE PAOLO ORLANDO;all'intersezione con;VIALE DELLA VITTORIA;VIALE DELLA VITTORIA;;;Scontro laterale fra veicoli in marcia;Intersezione semaforizzata;Due carreggiate;Asciutto;Asfaltata;Verticale ed orizzontale;Nuvoloso;Normale;Buona;Ore Diurne;0;0;0;2;;;-1;1;Autovettura privata;In marcia / fermata / arresto;Conducente;M;Illeso;0;;Non accertato;Inesploso
1874311;13;02/05/2011 15:50;Strada Urbana;VIALE PAOLO ORLANDO;all'intersezione con;VIALE DELLA VITTORIA;VIALE DELLA VITTORIA;;;Scontro laterale fra veicoli in marcia;Intersezione semaforizzata;Due carreggiate;Asciutto;Asfaltata;Verticale ed orizzontale;Nuvoloso;Normale;Buona;Ore Diurne;0;0;0;2;;;-1;2;Motociclo con passeggero;In marcia / fermata / arresto;Conducente;M;Illeso;0;;Non accertato;Inesploso
1874312;13;02/05/2011 16:15;Strada Urbana;VIALE ALESSANDRO MAGNO;all'intersezione con;VIA CLITARCO;VIA CLITARCO;;;Veicolo in marcia contro ostacolo accidentale;Incrocio;Due carreggiate;Asciutto;Asfaltata;Verticale ed orizzontale;Nuvoloso;Scarso;Buona;Ore Diurne;0;0;0;1;;;-1;1;Autovettura privata;In marcia / fermata / arresto;Conducente;M;Illeso;0;;Non accertato;Inesploso
1874313;13;02/05/2011 17:40;Strada Urbana;PIAZZA DELLA STAZIONE VECCHIA;all'intersezione con;VIA VINCENZO VANNUTELLI;VIA VINCENZO VANNUTELLI;;;Scontro frontale/laterale SX fra veicoli in marcia;Incrocio;Una carreggiata a doppio senso;Bagnato (pioggia);Asfaltata;Verticale ed orizzontale;Pioggia in atto;Normale;Buona;Ore Diurne;0;0;0;2;;;-1;1;Autovettura privata;In marcia / fermata / arresto;Conducente;F;Illeso;0;;Non accertato;Inesploso
1874313;13;02/05/2011 17:40;Strada Urbana;PIAZZA DELLA STAZIONE VECCHIA;all'intersezione con;VIA VINCENZO VANNUTELLI;VIA VINCENZO VANNUTELLI;;;Scontro frontale/laterale SX fra veicoli in marcia;Incrocio;Una carreggiata a doppio senso;Bagnato (pioggia);Asfaltata;Verticale ed orizzontale;Pioggia in atto;Normale;Buona;Ore Diurne;0;0;0;2;;;-1;2;Autovettura privata;In marcia / fermata / arresto;Conducente;M;Illeso;0;;Non accertato;Inesploso
1874314;1;02/05/2011 05:30;Strada Urbana;VIALE MARCO POLO;all'intersezione semaforizzata con;VIA DEI VERBITI;VIA DEI VERBITI;;;Veicolo in marcia contro veicoli in sosta;Intersezione semaforizzata;Una carreggiata a doppio senso;Asciutto;Asfaltata;Verticale ed orizzontale;Sereno;Scarso;Sufficiente;Sufficiente;1;0;0;0;;;-1;1;Autovettura privata;In marcia / fermata / arresto;Conducente;F;Rimandato;0;NON DECEDUTO;Non accertato;Inesistente
1874315;20;02/05/2011 11:25;Strada Urbana;PIAZZALE DELLA FARNESINA;da specificare;;;;lato POSTE;Veicolo in marcia contro veicolo in sosta;Rettilineo;Una carreggiata a senso unico di marcia;Asciutto;Asfaltata;Verticale ed orizzontale;Nuvoloso;Scarso;Buona;Ore Diurne;0;0;0;1;;;-1;2;Autovettura privata;Allontanatosi;Conducente;M;Illeso;0;;Non accertato;Inesistente
1874316;1;02/05/2011 02:00;Strada Urbana;LUNGOTEVERE RAFFAELLO SANZIO;all'intersezione semaforizzata con;PONTE GARIBALDI;PONTE GARIBALDI;;;Tamponamento;Intersezione semaforizzata;Una carreggiata a senso unico di marcia;Asciutto;Asfaltata;Verticale ed orizzontale;Sereno;Scarso;Sufficiente;Sufficiente;1;0;0;1;;;-1;1;Autocarro inferiore 35 q.;In marcia / fermata / arresto;Conducente;M;Illeso;0;;Non accertato;Inesistente
1874316;1;02/05/2011 02:00;Strada Urbana;LUNGOTEVERE RAFFAELLO SANZIO;all'intersezione semaforizzata con;PONTE GARIBALDI;PONTE GARIBALDI;;;Tamponamento;Intersezione semaforizzata;Una carreggiata a senso unico di marcia;Asciutto;Asfaltata;Verticale ed orizzontale;Sereno;Scarso;Sufficiente;Sufficiente;1;0;0;1;;;-1;2;Autovettura pubblica;In marcia / fermata / arresto;Conducente;M;Rifiuta cure immediate;0;NON DECEDUTO;Non accertato;Inesistente
1874319;20;03/05/2011 00:30;Strada Urbana;VIALE DI TOR DI QUINTO;in prossimità;;del civico n. ;58;;Veicolo in marcia contro veicolo in sosta;Rettilineo;Una carreggiata a doppio senso;Bagnato (pioggia);Asfaltata;Orizzontale;Nuvoloso;Scarso;Sufficiente;Sufficiente;0;0;0;1;;;-1;2;Autovettura privata;In marcia / fermata / arresto;Conducente;M;Illeso;0;;Non accertato;Inesistente
1874320;3;02/05/2011 10:30;Strada Urbana;VIA TIBURTINA;in prossimità;;del civico n. ;172;;Tamponamento;Rettilineo;Una carreggiata a doppio senso;Asciutto;Asfaltata;Verticale ed orizzontale;Nuvoloso;Intenso;Buona;Ore Diurne;0;0;0;2;;;-1;1;Autovettura privata;In marcia / fermata / arresto;Conducente;M;Illeso;0;;Utilizzato;Inesistente
1874320;3;02/05/2011 10:30;Strada Urbana;VIA TIBURTINA;in prossimità;;del civico n. ;172;;Tamponamento;Rettilineo;Una carreggiata a doppio senso;Asciutto;Asfaltata;Verticale ed orizzontale;Nuvoloso;Intenso;Buona;Ore Diurne;0;0;0;2;;;-1;2;Autovettura privata;In marcia / fermata / arresto;Conducente;M;Illeso;0;;Utilizzato;Inesistente
1874321;3;02/05/2011 13:00;Strada Urbana;VIALE DELLO SCALO S. LORENZO;in corrispondenza;;del civico n. ;77A;;Veicolo in marcia contro veicolo arresto;Rettilineo;Più di due carreggiate;Asciutto;Asfaltata;Verticale ed orizzontale;Nuvoloso;Normale;Buona;Ore Diurne;0;0;0;2;;;-1;1;Autocarro superiore 35 q.;In marcia / fermata / arresto;Conducente;M;Illeso;0;;Non accertato;Inesistente
1874321;3;02/05/2011 13:00;Strada Urbana;VIALE DELLO SCALO S. LORENZO;in corrispondenza;;del civico n. ;77A;;Veicolo in marcia contro veicolo arresto;Rettilineo;Più di due carreggiate;Asciutto;Asfaltata;Verticale ed orizzontale;Nuvoloso;Normale;Buona;Ore Diurne;0;0;0;2;;;-1;2;Autovettura privata;In marcia / fermata / arresto;Conducente;M;Illeso;0;;Non accertato;Inesistente