Protocollo;Gruppo;DataOraIncidente;Localizzazione1;STRADA1;Localizzazione2;STRADA2;Strada02;Chilometrica;DaSpecificare;NaturaIncidente;particolaritastrade;TipoStrada;FondoStradale;Pavimentazione;Segnaletica;CondizioneAtmosferica;Traffico;Visibilita;Illuminazione;NUM_FERITI;NUM_RISERVATA;NUM_MORTI;NUM_ILLESI;Longitudine;Latitudine;Confermato;Progressivo;TipoVeicolo;StatoVeicolo;TipoPersona;Sesso;Tipolesione;Deceduto;DecedutoDopo;CinturaCascoUtilizzato;Airbag
1874322;17;02/05/2011 10:05;Strada Urbana;PIAZZALE CLODIO;in prossimità;;del civico n. ;34A;;Tamponamento;Rettilineo;Due carreggiate;Asciutto;Asfaltata;Verticale ed orizzontale;Nuvoloso;Normale;Buona;Ore Diurne;1;0;0;1;;;-1;1;Autovettura privata;In marcia / fermata / arresto;Conducente;M;Illeso;0;;Non accertato;Inesistente
1874322;17;02/05/2011 10:05;Strada Urbana;PIAZZALE CLODIO;in prossimità;;del civico n. ;34A;;Tamponamento;Rettilineo;Due carreggiate;Asciutto;Asfaltata;Verticale ed orizzontale;Nuvoloso;Normale;Buona;Ore Diurne;1;0;0;1;;;-1;2;Motociclo a solo;In marcia / fermata / arresto;Conducente;M;Rimandato;0;NON DECEDUTO;Non accertato;Inesistente
1874323;3;02/05/2011 15:45;Strada Urbana;VIA TIBURTINA;all'intersezione semaforizzata con;PIAZZALE DEL VERANO;PIAZZALE DEL VERANO;;;Scontro laterale fra veicoli in marcia;Intersezione semaforizzata;Più di due carreggiate;Asciutto;Asfaltata;Verticale ed orizzontale;Nuvoloso;Normale;Sufficiente;Ore Diurne;1;0;0;2;;;-1;1;Motociclo a solo;In marcia / fermata / arresto;Conducente;F;Rifiuta cure immediate;0;NON DECEDUTO;Non accertato;Inesistente
1874323;3;02/05/2011 15:45;Strada Urbana;VIA TIBURTINA;all'intersezione semaforizzata con;PIAZZALE DEL VERANO;PIAZZALE DEL VERANO;;;Scontro laterale fra veicoli in marcia;Intersezione semaforizzata;Più di due carreggiate;Asciutto;Asfaltata;Verticale ed orizzontale;Nuvoloso;Normale;Sufficiente;Ore Diurne;1;0;0;2;;;-1;2;Autovettura privata;In marcia / fermata / arresto;Conducente;F;Illeso;0;;Non accertato;Inesistente
1874323;3;02/05/2011 15:45;Strada Urbana;VIA TIBURTINA;all'intersezione semaforizzata con;PIAZZALE DEL VERANO;PIAZZALE DEL VERANO;;;Scontro laterale fra veicoli in marcia;Intersezione semaforizzata;Più di due carreggiate;Asciutto;Asfaltata;Verticale ed orizzontale;Nuvoloso;Normale;Sufficiente;Ore Diurne;1;0;0;2;;;-1;2;Autovettura privata;In marcia / fermata / arresto;Passeggero;F;Illeso;0;;Non accertato;Inesistente
1874324;2;03/05/2011 09:50;Strada Urbana;VIA SALARIA;in prossimità;;del civico n. ;458;;Scontro laterale fra veicoli in marcia;Rettilineo;Una carreggiata a doppio senso;Asciutto;Asfaltata;Verticale ed orizzontale;Sereno;Intenso;Buona;Ore Diurne;0;0;0;3;;;-1;1;Autovettura privata;In marcia / fermata / arresto;Conducente;F;Illeso;0;;Non accertato;Inesistente
1874324;2;03/05/2011 09:50;Strada Urbana;VIA SALARIA;in prossimità;;del civico n. ;458;;Scontro laterale fra veicoli in marcia;Rettilineo;Una carreggiata a doppio senso;Asciutto;Asfaltata;Verticale ed orizzontale;Sereno;Intenso;Buona;Ore Diurne;0;0;0;3;;;-1;1;Autovettura privata;In marcia / fermata / arresto;Passeggero;M;Illeso;0;;Non accertato;Inesistente
1874324;2;03/05/2011 09:50;Strada Urbana;VIA SALARIA;in prossimità;;del civico n. ;458;;Scontro laterale fra veicoli in marcia;Rettilineo;Una carreggiata a doppio senso;Asciutto;Asfaltata;Verticale ed orizzontale;Sereno;Intenso;Buona;Ore Diurne;0;0;0;3;;;-1;2;Autocarro inferiore 35 q.;In marcia / fermata / arresto;Conducente;M;Illeso;0;;Non accertato;Inesistente
1874325;1;01/05/2011 04:05;Strada Urbana;VIA NAPOLEONE III;in corrispondenza;;del civico n. ;6:00 AM;;Veicolo in marcia contro veicolo fermo;Rettilineo;Una carreggiata a doppio senso;Asciutto;Asfaltata;Verticale ed orizzontale;Nuvoloso;Scarso;Sufficiente;Sufficiente;1;0;0;0;;;-1;2;Autovettura privata;In marcia / fermata / arresto;Conducente;M;Rimandato;0;NON DECEDUTO;Non accertato;Inesistente
1874327;5;02/05/2011 19:00;Strada Urbana;VIA TIBURTINA;in prossimità;;del civico n. ;770;;Scontro laterale fra veicoli in marcia;Rettilineo;Due carreggiate;Bagnato (pioggia);Asfaltata;Assente;Pioggia in atto;Intenso;Sufficiente;Ore Diurne;0;0;0;3;;;-1;1;Autovettura privata;In marcia / fermata / arresto;Conducente;F;Illeso;0;;Non accertato;Inesistente
1874327;5;02/05/2011 19:00;Strada Urbana;VIA TIBURTINA;in prossimità;;del civico n. ;770;;Scontro laterale fra veicoli in marcia;Rettilineo;Due carreggiate;Bagnato (pioggia);Asfaltata;Assente;Pioggia in atto;Intenso;Sufficiente;Ore Diurne;0;0;0;3;;;-1;2;Autovettura privata;In marcia / fermata / arresto;Conducente;F;Illeso;0;;Non accertato;Inesistente
1874327;5;02/05/2011 19:00;Strada Urbana;VIA TIBURTINA;in prossimità;;del civico n. ;770;;Scontro laterale fra veicoli in marcia;Rettilineo;Due carreggiate;Bagnato (pioggia);Asfaltata;Assente;Pioggia in atto;Intenso;Sufficiente;Ore Diurne;0;0;0;3;;;-1;2;Autovettura privata;In marcia / fermata / arresto;Passeggero;F;Illeso;0;;Non accertato;Inesistente
1874329;5;02/05/2011 13:20;Strada Urbana;VIA BELMONTE IN SABINA;da specificare;;;;USCITA RAMPA GRA DIREZIONE CENTRALE DEL LATTE;Scontro frontale/laterale SX fra veicoli in marcia;Rettilineo;Due carreggiate;Asciutto;Asfaltata;Verticale ed orizzontale;Nuvoloso;Normale;Buona;Ore Diurne;1;0;0;4;;;-1;1;Autovettura privata;In marcia / fermata / arresto;Conducente;F;Illeso;0;;Non accertato;Inesistente
1874329;5;02/05/2011 13:20;Strada Urbana;VIA BELMONTE IN SABINA;da specificare;;;;USCITA RAMPA GRA DIREZIONE CENTRALE DEL LATTE;Scontro frontale/laterale SX fra veicoli in marcia;Rettilineo;Due carreggiate;Asciutto;Asfaltata;Verticale ed orizzontale;Nuvoloso;Normale;Buona;Ore Diurne;1;0;0;4;;;-1;1;Autovettura privata;In marcia / fermata / arresto;Passeggero;F;Illeso;0;;Non accertato;Inesistente
1874329;5;02/05/2011 13:20;Strada Urbana;VIA BELMONTE IN SABINA;da specificare;;;;USCITA RAMPA GRA DIREZIONE CENTRALE DEL LATTE;Scontro frontale/laterale SX fra veicoli in marcia;Rettilineo;Due carreggiate;Asciutto;Asfaltata;Verticale ed orizzontale;Nuvoloso;Normale;Buona;Ore Diurne;1;0;0;4;;;-1;1;Autovettura privata;In marcia / fermata / arresto;Passeggero;F;Illeso;0;;Non accertato;Inesistente
1874329;5;02/05/2011 13:20;Strada Urbana;VIA BELMONTE IN SABINA;da specificare;;;;USCITA RAMPA GRA DIREZIONE CENTRALE DEL LATTE;Scontro frontale/laterale SX fra veicoli in marcia;Rettilineo;Due carreggiate;Asciutto;Asfaltata;Verticale ed orizzontale;Nuvoloso;Normale;Buona;Ore Diurne;1;0;0;4;;;-1;1;Autovettura privata;In marcia / fermata / arresto;Passeggero;F;Illeso;0;;Non accertato;Inesistente
1874329;5;02/05/2011 13:20;Strada Urbana;VIA BELMONTE IN SABINA;da specificare;;;;USCITA RAMPA GRA DIREZIONE CENTRALE DEL LATTE;Scontro frontale/laterale SX fra veicoli in marcia;Rettilineo;Due carreggiate;Asciutto;Asfaltata;Verticale ed orizzontale;Nuvoloso;Normale;Buona;Ore Diurne;1;0;0;4;;;-1;2;Motociclo a solo;In marcia / fermata / arresto;Conducente;M;Rimandato;0;NON DECEDUTO;Non accertato;Inesistente
1874330;5;02/05/2011 14:00;Strada Urbana;VIA TIBURTINA;in prossimità;;del civico n. ;644;;Tamponamento Multiplo;Rettilineo;Due carreggiate;Asciutto;Asfaltata;Verticale ed orizzontale;Nuvoloso;Intenso;Buona;Ore Diurne;1;0;0;3;;;-1;1;Autovettura privata;In marcia / fermata / arresto;Conducente;M;Rimandato;0;NON DECEDUTO;Non accertato;Inesistente
1874330;5;02/05/2011 14:00;Strada Urbana;VIA TIBURTINA;in prossimità;;del civico n. ;644;;Tamponamento Multiplo;Rettilineo;Due carreggiate;Asciutto;Asfaltata;Verticale ed orizzontale;Nuvoloso;Intenso;Buona;Ore Diurne;1;0;0;3;;;-1;2;Autovettura privata;In marcia / fermata / arresto;Conducente;M;Illeso;0;;Non accertato;Inesistente
1874330;5;02/05/2011 14:00;Strada Urbana;VIA TIBURTINA;in prossimità;;del civico n. ;644;;Tamponamento Multiplo;Rettilineo;Due carreggiate;Asciutto;Asfaltata;Verticale ed orizzontale;Nuvoloso;Intenso;Buona;Ore Diurne;1;0;0;3;;;-1;2;Autovettura privata;In marcia / fermata / arresto;Passeggero;M;Illeso;0;;Non accertato;Inesistente
1874330;5;02/05/2011 14:00;Strada Urbana;VIA TIBURTINA;in prossimità;;del civico n. ;644;;Tamponamento Multiplo;Rettilineo;Due carreggiate;Asciutto;Asfaltata;Verticale ed orizzontale;Nuvoloso;Intenso;Buona;Ore Diurne;1;0;0;3;;;-1;3;Autovettura privata;In marcia / fermata / arresto;Conducente;F;Illeso;0;;Non accertato;Inesistente
1874332;5;03/05/2011 00:10;Strada Urbana;VIA RINALDO D'AQUINO;da specificare;;;;prox inter. VIA D. da MAIANO dir. VIA PALOMBARESE;Veicolo in marcia contro ostacolo fisso;Rettilineo;Due carreggiate;Bagnato (pioggia);Asfaltata;Orizzontale;Pioggia in atto;Scarso;Sufficiente;Sufficiente;1;0;0;0;;;-1;1;Autovettura privata;In marcia / fermata / arresto;Conducente;F;Rimandato;0;NON DECEDUTO;Non accertato;Inesistente
1874335;20;02/05/2011 08:00;Strada Urbana;VIA DEI DUE PONTI;in prossimità;;del civico n. ;21;;Tamponamento;Curva a visuale libera;Una carreggiata a doppio senso;Asciutto;Asfaltata;Orizzontale;Sereno;Normale;Buona;Ore Diurne;0;0;0;2;;;-1;1;Autovettura privata;In marcia / fermata / arresto;Conducente;M;Illeso;0;;Non accertato;Inesistente
1874335;20;02/05/2011 08:00;Strada Urbana;VIA DEI DUE PONTI;in prossimità;;del civico n. ;21;;Tamponamento;Curva a visuale libera;Una carreggiata a doppio senso;Asciutto;Asfaltata;Orizzontale;Sereno;Normale;Buona;Ore Diurne;0;0;0;2;;;-1;2;Autovettura privata;In marcia / fermata / arresto;Conducente;F;Illeso;0;;Non accertato;Esploso
1874336;20;02/05/2011 11:45;Strada Urbana;VIA FLAMINIA;all'intersezione con;VIA FRANCESCO SAVERIO NITTI;VIA FRANCESCO SAVERIO NITTI;;;Tamponamento;Intersezione stradale segnalata;Una carreggiata a doppio senso;Asciutto;Asfaltata;Verticale ed orizzontale;Nuvoloso;Normale;Buona;Ore Diurne;0;0;0;2;;;-1;1;Autovettura privata;In marcia / fermata / arresto;Conducente;F;Illeso;0;;Non accertato;Inesploso
1874336;20;02/05/2011 11:45;Strada Urbana;VIA FLAMINIA;all'intersezione con;VIA FRANCESCO SAVERIO NITTI;VIA FRANCESCO SAVERIO NITTI;;;Tamponamento;Intersezione stradale segnalata;Una carreggiata a doppio senso;Asciutto;Asfaltata;Verticale ed orizzontale;Nuvoloso;Normale;Buona;Ore Diurne;0;0;0;2;;;-1;2;Autovettura privata;In marcia / fermata / arresto;Conducente;F;Illeso;0;;Non accertato;Inesploso
1874337;11;03/05/2011 08:40;Strada Urbana;VIALE GUGLIELMO MARCONI;in prossimità;;del civico n. ;446;;Tamponamento Multiplo;Rettilineo;Due carreggiate;Asciutto;Asfaltata;Orizzontale;Sereno;Normale;Buona;Ore Diurne;1;0;0;5;;;-1;1;Autovettura privata;In marcia / fermata / arresto;Conducente;F;Illeso;0;;Non accertato;Inesploso
1874337;11;03/05/2011 08:40;Strada Urbana;VIALE GUGLIELMO MARCONI;in prossimità;;del civico n. ;446;;Tamponamento Multiplo;Rettilineo;Due carreggiate;Asciutto;Asfaltata;Orizzontale;Sereno;Normale;Buona;Ore Diurne;1;0;0;5;;;-1;2;Autovettura privata;In marcia / fermata / arresto;Conducente;F;Illeso;0;;Non accertato;Inesploso
1874337;11;03/05/2011 08:40;Strada Urbana;VIALE GUGLIELMO MARCONI;in prossimità;;del civico n. ;446;;Tamponamento Multiplo;Rettilineo;Due carreggiate;Asciutto;Asfaltata;Orizzontale;Sereno;Normale;Buona;Ore Diurne;1;0;0;5;;;-1;3;Autovettura privata;In marcia / fermata / arresto;Conducente;F;Rimandato;0;NON DECEDUTO;Non accertato;Inesploso
1874337;11;03/05/2011 08:40;Strada Urbana;VIALE GUGLIELMO MARCONI;in prossimità;;del civico n. ;446;;Tamponamento Multiplo;Rettilineo;Due carreggiate;Asciutto;Asfaltata;Orizzontale;Sereno;Normale;Buona;Ore Diurne;1;0;0;5;;;-1;4;Autovettura privata;In marcia / fermata / arresto;Conducente;F;Illeso;0;;Non accertato;Inesploso
1874337;11;03/05/2011 08:40;Strada Urbana;VIALE GUGLIELMO MARCONI;in prossimità;;del civico n. ;446;;Tamponamento Multiplo;Rettilineo;Due carreggiate;Asciutto;Asfaltata;Orizzontale;Sereno;Normale;Buona;Ore Diurne;1;0;0;5;;;-1;5;Autovettura privata;In marcia / fermata / arresto;Conducente;F;Illeso;0;;Non accertato;Inesploso
1874337;11;03/05/2011 08:40;Strada Urbana;VIALE GUGLIELMO MARCONI;in prossimità;;del civico n. ;446;;Tamponamento Multiplo;Rettilineo;Due carreggiate;Asciutto;Asfaltata;Orizzontale;Sereno;Normale;Buona;Ore Diurne;1;0;0;5;;;-1;6;Autovettura privata;In marcia / fermata / arresto;Conducente;M;Illeso;0;;Non accertato;Inesploso
1874339;18;02/05/2011 11:30;Strada Urbana;VIA DI BOCCEA;all'intersezione semaforizzata con;VIA APRICALE;VIA APRICALE;;;Scontro frontale/laterale SX fra veicoli in marcia;Intersezione semaforizzata;Due carreggiate;Asciutto;Asfaltata;Verticale ed orizzontale;Nuvoloso;Normale;Buona;Ore Diurne;1;0;0;3;;;-1;1;Autovettura privata;In marcia / fermata / arresto;Conducente;M;Illeso;0;;Non accertato;Inesploso
1874339;18;02/05/2011 11:30;Strada Urbana;VIA DI BOCCEA;all'intersezione semaforizzata con;VIA APRICALE;VIA APRICALE;;;Scontro frontale/laterale SX fra veicoli in marcia;Intersezione semaforizzata;Due carreggiate;Asciutto;Asfaltata;Verticale ed orizzontale;Nuvoloso;Normale;Buona;Ore Diurne;1;0;0;3;;;-1;2;Autovettura privata;In marcia / fermata / arresto;Conducente;M;Illeso;0;;Non accertato;Inesploso
1874339;18;02/05/2011 11:30;Strada Urbana;VIA DI BOCCEA;all'intersezione semaforizzata con;VIA APRICALE;VIA APRICALE;;;Scontro frontale/laterale SX fra veicoli in marcia;Intersezione semaforizzata;Due carreggiate;Asciutto;Asfaltata;Verticale ed orizzontale;Nuvoloso;Normale;Buona;Ore Diurne;1;0;0;3;;;-1;2;Autovettura privata;In marcia / fermata / arresto;Passeggero;F;Illeso;0;;Non accertato;Inesploso
1874339;18;02/05/2011 11:30;Strada Urbana;VIA DI BOCCEA;all'intersezione semaforizzata con;VIA APRICALE;VIA APRICALE;;;Scontro frontale/laterale SX fra veicoli in marcia;Intersezione semaforizzata;Due carreggiate;Asciutto;Asfaltata;Verticale ed orizzontale;Nuvoloso;Normale;Buona;Ore Diurne;1;0;0;3;;;-1;2;Autovettura privata;In marcia / fermata / arresto;Passeggero;M;Rifiuta cure immediate;0;NON DECEDUTO;Non accertato;Inesploso
1874341;5;02/05/2011 12:50;Strada Urbana;VIA TIBURTINA;in prossimità;;del civico n. ;913;;Tamponamento;Rettilineo;Più di due carreggiate;Asciutto;Asfaltata;Verticale ed orizzontale;Nuvoloso;Normale;Buona;Ore Diurne;1;0;0;1;;;-1;1;Autovettura privata;In marcia / fermata / arresto;Conducente;M;Illeso;0;;Non accertato;Inesistente
1874341;5;02/05/2011 12:50;Strada Urbana;VIA TIBURTINA;in prossimità;;del civico n. ;913;;Tamponamento;Rettilineo;Più di due carreggiate;Asciutto;Asfaltata;Verticale ed orizzontale;Nuvoloso;Normale;Buona;Ore Diurne;1;0;0;1;;;-1;2;Motociclo a solo;In marcia / fermata / arresto;Conducente;M;Rimandato;0;NON DECEDUTO;Non accertato;Inesploso
1874342;2;02/05/2011 09:45;Strada Urbana;PIAZZA GONDAR;all'intersezione con;VIALE LIBIA;VIALE LIBIA;;;Veicolo in marcia contro veicolo arresto;Incrocio;Una carreggiata a doppio senso;Asciutto;Asfaltata;Verticale ed orizzontale;Sereno;Intenso;Buona;Ore Diurne;0;0;0;2;;;-1;1;Autoambulanza;In marcia / fermata / arresto;Conducente;M;Illeso;0;;Non accertato;Inesistente
1874342;2;02/05/2011 09:45;Strada Urbana;PIAZZA GONDAR;all'intersezione con;VIALE LIBIA;VIALE LIBIA;;;Veicolo in marcia contro veicolo arresto;Incrocio;Una carreggiata a doppio senso;Asciutto;Asfaltata;Verticale ed orizzontale;Sereno;Intenso;Buona;Ore Diurne;0;0;0;2;;;-1;2;Autovettura privata;In marcia / fermata / arresto;Conducente;M;Illeso;0;;Non accertato;Inesistente
1874344;2;02/05/2011 16:00;Strada Urbana;VIALE SOMALIA;da specificare;;;;in corrispondenza di  via N. Piccinini;Scontro frontale/laterale SX fra veicoli in marcia;Rettilineo;Una carreggiata a doppio senso;Asciutto;Asfaltata;Verticale ed orizzontale;Nuvoloso;Normale;Buona;Ore Diurne;0;0;0;2;;;-1;1;Motociclo a solo;In marcia / fermata / arresto;Conducente;M;Illeso;0;;Non accertato;
1874344;2;02/05/2011 16:00;Strada Urbana;VIALE SOMALIA;da specificare;;;;in corrispondenza di  via N. Piccinini;Scontro frontale/laterale SX fra veicoli in marcia;Rettilineo;Una carreggiata a doppio senso;Asciutto;Asfaltata;Verticale ed orizzontale;Nuvoloso;Normale;Buona;Ore Diurne;0;0;0;2;;;-1;2;Autovettura privata;In marcia / fermata / arresto;Conducente;M;Illeso;0;;Non accertato;Inesistente
1874347;2;03/05/2011 04:30;Comunale extraurbana;VIA FLAMINIA;da specificare;;;;alt. svincolo Saxa Rubra direzione GRA;Tamponamento;Curva a visuale libera;Due carreggiate;Bagnato (umidità in atto);Asfaltata;Orizzontale;Nuvoloso;Normale;Sufficiente;Sufficiente;0;0;0;2;;;-1;1;Autovettura privata;In marcia / fermata / arresto;Conducente;M;Illeso;0;;Non accertato;Inesistente
1874347;2;03/05/2011 04:30;Comunale extraurbana;VIA FLAMINIA;da specificare;;;;alt. svincolo Saxa Rubra direzione GRA;Tamponamento;Curva a visuale libera;Due carreggiate;Bagnato (umidità in atto);Asfaltata;Orizzontale;Nuvoloso;Normale;Sufficiente;Sufficiente;0;0;0;2;;;-1;2;Autobus in extraurbana;In marcia / fermata / arresto;Conducente;M;Illeso;0;;Non accertato;Inesistente
1874349;9;03/05/2011 08:20;Strada Urbana;VIA DI S. MARIA AUSILIATRICE;all'intersezione con;VIA MUZIO SCEVOLA;VIA MUZIO SCEVOLA;;;Tamponamento;Incrocio;Una carreggiata a doppio senso;Asciutto;Asfaltata;Verticale ed orizzontale;Sereno;Normale;Buona;Ore Diurne;0;0;0;2;;;-1;1;Autovettura privata;In marcia / fermata / arresto;Conducente;M;Illeso;0;;Utilizzato;Inesploso
1874349;9;03/05/2011 08:20;Strada Urbana;VIA DI S. MARIA AUSILIATRICE;all'intersezione con;VIA MUZIO SCEVOLA;VIA MUZIO SCEVOLA;;;Tamponamento;Incrocio;Una carreggiata a doppio senso;Asciutto;Asfaltata;Verticale ed orizzontale;Sereno;Normale;Buona;Ore Diurne;0;0;0;2;;;-1;2;Autovettura privata;In marcia / fermata / arresto;Conducente;M;Illeso;0;;Utilizzato;Inesploso
1874351;11;02/05/2011 07:15;Strada Urbana;VIA LAURENTINA;all'intersezione con;VIA CASAMARI;VIA CASAMARI;;;Scontro frontale/laterale SX fra veicoli in marcia;Intersezione non regolata/non segnalata;Una carreggiata a doppio senso;Asciutto;Asfaltata;Verticale ed orizzontale;Sereno;Normale;Buona;Ore Diurne;1;0;0;0;;;-1;1;Autovettura privata;In marcia / fermata / arresto;Conducente;M;Rimandato;0;NON DECEDUTO;Non accertato;Inesploso
1874353;2;02/05/2011 17:45;Strada Urbana;PIAZZA ENRICO SIENKIEWICZ;all'intersezione con;VIALE DEI CAVALLI MARINI;VIALE DEI CAVALLI MARINI;;;Ribaltamento senza urto contro ostacolo fisso;Rotatoria;Una carreggiata a doppio senso;Asciutto;Asfaltata;Assente;Nuvoloso;Scarso;Buona;Ore Diurne;2;0;0;0;;;-1;1;Quadriciclo leggero;In marcia / fermata / arresto;Conducente;F;Rifiuta cure immediate;0;NON DECEDUTO;Non accertato;Inesistente
1874353;2;02/05/2011 17:45;Strada Urbana;PIAZZA ENRICO SIENKIEWICZ;all'intersezione con;VIALE DEI CAVALLI MARINI;VIALE DEI CAVALLI MARINI;;;Ribaltamento senza urto contro ostacolo fisso;Rotatoria;Una carreggiata a doppio senso;Asciutto;Asfaltata;Assente;Nuvoloso;Scarso;Buona;Ore Diurne;2;0;0;0;;;-1;1;Quadriciclo leggero;In marcia / fermata / arresto;Passeggero;F;Rimandato;0;NON DECEDUTO;Non accertato;Inesistente
1874355;11;02/05/2011 17:15;Strada Urbana;VIA CRISTOFORO COLOMBO;da specificare;;;;prossimità VIA LAURENTINA;Infortunio per sola frenata improvvisa;Rettilineo;Più di due carreggiate;Asciutto;Asfaltata;Verticale ed orizzontale;Nuvoloso;Normale;Buona;Ore Diurne;1;0;0;1;;;-1;1;Motociclo a solo;In marcia / fermata / arresto;Conducente;M;Rifiuta cure immediate;0;NON DECEDUTO;Utilizzato;Inesistente
1874355;11;02/05/2011 17:15;Strada Urbana;VIA CRISTOFORO COLOMBO;da specificare;;;;prossimità VIA LAURENTINA;Infortunio per sola frenata improvvisa;Rettilineo;Più di due carreggiate;Asciutto;Asfaltata;Verticale ed orizzontale;Nuvoloso;Normale;Buona;Ore Diurne;1;0;0;1;;;-1;2;Motociclo a solo;In marcia / fermata / arresto;Conducente;M;Illeso;0;;Non accertato;Inesistente
1874356;11;02/05/2011 09:00;Strada Urbana;VIA ARDEATINA;all'intersezione con;VIA DI TOR CARBONE;VIA DI TOR CARBONE;;;Scontro laterale fra veicoli in marcia;Incrocio;Una carreggiata a doppio senso;Asciutto;Asfaltata;Verticale ed orizzontale;Sereno;Normale;Buona;Ore Diurne;0;0;0;2;;;-1;1;Autocarro inferiore 35 q.;In marcia / fermata / arresto;Conducente;M;Illeso;0;;Utilizzato;Inesistente
1874356;11;02/05/2011 09:00;Strada Urbana;VIA ARDEATINA;all'intersezione con;VIA DI TOR CARBONE;VIA DI TOR CARBONE;;;Scontro laterale fra veicoli in marcia;Incrocio;Una carreggiata a doppio senso;Asciutto;Asfaltata;Verticale ed orizzontale;Sereno;Normale;Buona;Ore Diurne;0;0;0;2;;;-1;2;Autovettura privata;In marcia / fermata / arresto;Conducente;M;Illeso;0;;Utilizzato;Inesistente
1874358;11;02/05/2011 09:30;Strada Urbana;VIA OSTIENSE;in prossimità;;del civico n. ;38;;Scontro laterale fra veicoli in marcia;Rettilineo;Più di due carreggiate;Asciutto;Asfaltata;Verticale ed orizzontale;Nuvoloso;Normale;Buona;Ore Diurne;0;0;0;2;;;-1;1;Motociclo a solo;In marcia / fermata / arresto;Conducente;M;Illeso;0;;Utilizzato;Inesistente
1874358;11;02/05/2011 09:30;Strada Urbana;VIA OSTIENSE;in prossimità;;del civico n. ;38;;Scontro laterale fra veicoli in marcia;Rettilineo;Più di due carreggiate;Asciutto;Asfaltata;Verticale ed orizzontale;Nuvoloso;Normale;Buona;Ore Diurne;0;0;0;2;;;-1;2;Autovettura privata;In marcia / fermata / arresto;Conducente;F;Illeso;0;;Utilizzato;Inesistente
1874359;11;02/05/2011 08:00;Strada Urbana;VIA ALESSANDRA MACINGHI STROZZI;in prossimità;;del civico n. ;19;;Scontro laterale fra veicoli in marcia;Rettilineo;Una carreggiata a doppio senso;Asciutto;Asfaltata;Orizzontale;Nuvoloso;Scarso;Buona;Ore Diurne;1;0;0;1;;;-1;1;Autovettura privata;In marcia / fermata / arresto;Conducente;M;Illeso;0;;Utilizzato;Inesistente
1874359;11;02/05/2011 08:00;Strada Urbana;VIA ALESSANDRA MACINGHI STROZZI;in prossimità;;del civico n. ;19;;Scontro laterale fra veicoli in marcia;Rettilineo;Una carreggiata a doppio senso;Asciutto;Asfaltata;Orizzontale;Nuvoloso;Scarso;Buona;Ore Diurne;1;0;0;1;;;-1;2;Motociclo a solo;In marcia / fermata / arresto;Conducente;M;Rimandato;0;NON DECEDUTO;Utilizzato;Inesistente
1874360;11;02/05/2011 11:00;Strada Urbana;VIALE GIUSTINIANO IMPERATORE;in corrispondenza;;del civico n. ;153;;Tamponamento;Rettilineo;Due carreggiate;Asciutto;Asfaltata;Verticale ed orizzontale;Nuvoloso;Normale;Buona;Ore Diurne;1;0;0;1;;;-1;1;Autovettura privata;In marcia / fermata / arresto;Conducente;M;Rifiuta cure immediate;0;NON DECEDUTO;Utilizzato;Inesploso
1874360;11;02/05/2011 11:00;Strada Urbana;VIALE GIUSTINIANO IMPERATORE;in corrispondenza;;del civico n. ;153;;Tamponamento;Rettilineo;Due carreggiate;Asciutto;Asfaltata;Verticale ed orizzontale;Nuvoloso;Normale;Buona;Ore Diurne;1;0;0;1;;;-1;2;Autovettura privata;In marcia / fermata / arresto;Conducente;M;Illeso;0;;Utilizzato;Inesploso
1874364;11;03/05/2011 05:20;Strada Urbana;VIA OSTIENSE;in prossimità;;del civico n. ;124;;Veicolo in marcia contro veicolo in sosta;Rettilineo;Più di due carreggiate;Asciutto;Asfaltata;Verticale ed orizzontale;Sereno;Scarso;Buona;Sufficiente;1;0;0;0;;;-1;1;Autovettura privata;In marcia / fermata / arresto;Conducente;M;Rimandato;0;NON DECEDUTO;Non accertato;Inesistente
1874368;2;03/05/2011 12:15;Strada Urbana;VIALE TIZIANO;all'intersezione con;VIA ENRICO CHIARADIA;VIA ENRICO CHIARADIA;;;Scontro laterale fra veicoli in marcia;Incrocio;Una carreggiata a senso unico di marcia;Asciutto;Asfaltata;Verticale;Sereno;Normale;Buona;Ore Diurne;0;0;0;2;;;-1;1;Autocarro inferiore 35 q.;In marcia / fermata / arresto;Conducente;M;Illeso;0;;Non accertato;Inesistente
1874368;2;03/05/2011 12:15;Strada Urbana;VIALE TIZIANO;all'intersezione con;VIA ENRICO CHIARADIA;VIA ENRICO CHIARADIA;;;Scontro laterale fra veicoli in marcia;Incrocio;Una carreggiata a senso unico di marcia;Asciutto;Asfaltata;Verticale;Sereno;Normale;Buona;Ore Diurne;0;0;0;2;;;-1;2;Autovettura pubblica;In marcia / fermata / arresto;Conducente;M;Illeso;0;;Non accertato;Inesistente
1874371;9;03/05/2011 09:00;Strada Urbana;VIA APPIA NUOVA;da specificare;;;;fr.te civ. 594 A;Scontro laterale fra veicoli in marcia;Rettilineo;Due carreggiate;Asciutto;Asfaltata;Verticale ed orizzontale;Sereno;Intenso;Buona;Ore Diurne;1;0;0;1;;;-1;1;Motociclo a solo;In marcia / fermata / arresto;Conducente;M;Rimandato;0;NON DECEDUTO;Non accertato;Inesistente
1874371;9;03/05/2011 09:00;Strada Urbana;VIA APPIA NUOVA;da specificare;;;;fr.te civ. 594 A;Scontro laterale fra veicoli in marcia;Rettilineo;Due carreggiate;Asciutto;Asfaltata;Verticale ed orizzontale;Sereno;Intenso;Buona;Ore Diurne;1;0;0;1;;;-1;2;Autovettura privata;In marcia / fermata / arresto;Conducente;F;Illeso;0;;Non accertato;Inesistente