Protocollo;Gruppo;DataOraIncidente;Localizzazione1;STRADA1;Localizzazione2;STRADA2;Strada02;Chilometrica;DaSpecificare;NaturaIncidente;particolaritastrade;TipoStrada;FondoStradale;Pavimentazione;Segnaletica;CondizioneAtmosferica;Traffico;Visibilita;Illuminazione;NUM_FERITI;NUM_RISERVATA;NUM_MORTI;NUM_ILLESI;Longitudine;Latitudine;Confermato;Progressivo;TipoVeicolo;StatoVeicolo;TipoPersona;Sesso;Tipolesione;Deceduto;DecedutoDopo;CinturaCascoUtilizzato;Airbag
1875199;1;08/05/2011 17:45;Strada Urbana;PIAZZA DI SPAGNA;in prossimità;;del civico n. ;10;;Tamponamento;Rettilineo;Una carreggiata a senso unico di marcia;Asciutto;In cubetti di porfido;Verticale ed orizzontale;Sereno;Normale;Buona;Ore Diurne;0;0;0;3;;;-1;1;Autovettura privata;In marcia / fermata / arresto;Conducente;F;Illeso;0;;Non accertato;Inesistente
1875199;1;08/05/2011 17:45;Strada Urbana;PIAZZA DI SPAGNA;in prossimità;;del civico n. ;10;;Tamponamento;Rettilineo;Una carreggiata a senso unico di marcia;Asciutto;In cubetti di porfido;Verticale ed orizzontale;Sereno;Normale;Buona;Ore Diurne;0;0;0;3;;;-1;1;Autovettura privata;In marcia / fermata / arresto;Passeggero;M;Illeso;0;;Non accertato;Inesistente
1875199;1;08/05/2011 17:45;Strada Urbana;PIAZZA DI SPAGNA;in prossimità;;del civico n. ;10;;Tamponamento;Rettilineo;Una carreggiata a senso unico di marcia;Asciutto;In cubetti di porfido;Verticale ed orizzontale;Sereno;Normale;Buona;Ore Diurne;0;0;0;3;;;-1;2;Autovettura privata;In marcia / fermata / arresto;Conducente;M;Illeso;0;;Non accertato;Inesistente
1875200;12;04/05/2011 16:20;Strada Urbana;VIA CRISTOFORO COLOMBO;da specificare;;;;circa 100 mt. prima di V.le Umanesimo direz centro;Investimento di pedone;Curva a visuale libera;Due carreggiate;Asciutto;Asfaltata;Verticale ed orizzontale;Sereno;Normale;Buona;Ore Diurne;2;0;0;0;;;-1;;;;Pedone;M;Ricoverato;0;NON DECEDUTO;;
1875200;12;04/05/2011 16:20;Strada Urbana;VIA CRISTOFORO COLOMBO;da specificare;;;;circa 100 mt. prima di V.le Umanesimo direz centro;Investimento di pedone;Curva a visuale libera;Due carreggiate;Asciutto;Asfaltata;Verticale ed orizzontale;Sereno;Normale;Buona;Ore Diurne;2;0;0;0;;;-1;1;Motociclo a solo;In marcia / fermata / arresto;Conducente;M;Rimandato;0;NON DECEDUTO;Utilizzato;Inesistente
1875201;12;04/05/2011 14:45;Strada Urbana;VIALE DELL'UMANESIMO;all'intersezione con;VIALE CESARE PAVESE;VIALE CESARE PAVESE;;;Scontro frontale/laterale DX fra veicoli in marcia;Incrocio;Una carreggiata a doppio senso;Asciutto;Asfaltata;Verticale ed orizzontale;Sereno;Normale;Buona;Ore Diurne;0;0;0;3;;;-1;1;Autovettura privata;In marcia / fermata / arresto;Conducente;F;Illeso;0;;Utilizzato;Inesploso
1875201;12;04/05/2011 14:45;Strada Urbana;VIALE DELL'UMANESIMO;all'intersezione con;VIALE CESARE PAVESE;VIALE CESARE PAVESE;;;Scontro frontale/laterale DX fra veicoli in marcia;Incrocio;Una carreggiata a doppio senso;Asciutto;Asfaltata;Verticale ed orizzontale;Sereno;Normale;Buona;Ore Diurne;0;0;0;3;;;-1;1;Autovettura privata;In marcia / fermata / arresto;Passeggero;M;Illeso;0;;Utilizzato;Inesploso
1875201;12;04/05/2011 14:45;Strada Urbana;VIALE DELL'UMANESIMO;all'intersezione con;VIALE CESARE PAVESE;VIALE CESARE PAVESE;;;Scontro frontale/laterale DX fra veicoli in marcia;Incrocio;Una carreggiata a doppio senso;Asciutto;Asfaltata;Verticale ed orizzontale;Sereno;Normale;Buona;Ore Diurne;0;0;0;3;;;-1;2;Autovettura privata;In marcia / fermata / arresto;Conducente;M;Illeso;0;;Utilizzato;Inesploso
1875202;1;08/05/2011 01:00;Strada Urbana;LUNGOTEVERE IN AUGUSTA;in prossimità;;del palo luce n. ;7;;Veicolo in marcia contro veicoli in sosta;Curva a visuale libera;Una carreggiata a senso unico di marcia;Asciutto;Asfaltata;Verticale ed orizzontale;Sereno;Normale;Buona;Sufficiente;1;0;0;0;;;-1;2;Autovettura privata;In marcia / fermata / arresto;Conducente;M;Rifiuta cure immediate;0;NON DECEDUTO;Utilizzato;Inesistente
1875203;16;06/05/2011 15:15;Strada Urbana;VIALE DI TRASTEVERE;in prossimità;;del civico n. ;246;;Veicoli in marcia contro veicolo fermo;Rettilineo;Più di due carreggiate;Asciutto;Asfaltata;Verticale ed orizzontale;Sereno;Normale;Buona;Ore Diurne;0;0;0;2;;;-1;1;Autocarro inferiore 35 q.;In marcia / fermata / arresto;Conducente;M;Illeso;0;;Non accertato;Inesistente
1875203;16;06/05/2011 15:15;Strada Urbana;VIALE DI TRASTEVERE;in prossimità;;del civico n. ;246;;Veicoli in marcia contro veicolo fermo;Rettilineo;Più di due carreggiate;Asciutto;Asfaltata;Verticale ed orizzontale;Sereno;Normale;Buona;Ore Diurne;0;0;0;2;;;-1;3;Motociclo a solo;In marcia / fermata / arresto;Conducente;M;Illeso;0;;Non accertato;Inesistente
1875204;16;06/05/2011 10:20;Strada Urbana;VIA DI BRAVETTA;in corrispondenza;;del civico n. ;258;;Scontro laterale fra veicoli in marcia;Rettilineo;Una carreggiata a doppio senso;Asciutto;Asfaltata;Verticale ed orizzontale;Sereno;Normale;Buona;Ore Diurne;2;0;0;2;;;-1;;;;Pedone;F;Ricoverato;0;NON DECEDUTO;;
1875204;16;06/05/2011 10:20;Strada Urbana;VIA DI BRAVETTA;in corrispondenza;;del civico n. ;258;;Scontro laterale fra veicoli in marcia;Rettilineo;Una carreggiata a doppio senso;Asciutto;Asfaltata;Verticale ed orizzontale;Sereno;Normale;Buona;Ore Diurne;2;0;0;2;;;-1;1;Autovettura privata;In marcia / fermata / arresto;Conducente;M;Illeso;0;;Non accertato;Inesistente
1875204;16;06/05/2011 10:20;Strada Urbana;VIA DI BRAVETTA;in corrispondenza;;del civico n. ;258;;Scontro laterale fra veicoli in marcia;Rettilineo;Una carreggiata a doppio senso;Asciutto;Asfaltata;Verticale ed orizzontale;Sereno;Normale;Buona;Ore Diurne;2;0;0;2;;;-1;1;Autovettura privata;In marcia / fermata / arresto;Passeggero;F;Illeso;0;;Non accertato;Inesistente
1875204;16;06/05/2011 10:20;Strada Urbana;VIA DI BRAVETTA;in corrispondenza;;del civico n. ;258;;Scontro laterale fra veicoli in marcia;Rettilineo;Una carreggiata a doppio senso;Asciutto;Asfaltata;Verticale ed orizzontale;Sereno;Normale;Buona;Ore Diurne;2;0;0;2;;;-1;2;Motociclo a solo;In marcia / fermata / arresto;Conducente;M;Rimandato;0;NON DECEDUTO;Non accertato;Inesistente
1875205;18;06/05/2011 08:35;Strada Urbana;VIA S. SECONDA;all'intersezione con;VIA DELLA CELLULOSA;VIA DELLA CELLULOSA;;;Scontro frontale/laterale SX fra veicoli in marcia;Incrocio;Due carreggiate;Asciutto;Asfaltata;Verticale ed orizzontale;Sereno;Scarso;Buona;Ore Diurne;1;0;0;1;;;-1;1;Ciclomotore;In marcia / fermata / arresto;Conducente;F;Rifiuta cure immediate;0;NON DECEDUTO;Non accertato;Inesistente
1875205;18;06/05/2011 08:35;Strada Urbana;VIA S. SECONDA;all'intersezione con;VIA DELLA CELLULOSA;VIA DELLA CELLULOSA;;;Scontro frontale/laterale SX fra veicoli in marcia;Incrocio;Due carreggiate;Asciutto;Asfaltata;Verticale ed orizzontale;Sereno;Scarso;Buona;Ore Diurne;1;0;0;1;;;-1;2;Autovettura privata;In marcia / fermata / arresto;Conducente;M;Illeso;0;;Non accertato;Inesistente
1875206;16;06/05/2011 11:10;Strada Urbana;VIA RAFFAELE PAOLUCCI;all'intersezione con;VIA FILIPPO BOTTAZZI;VIA FILIPPO BOTTAZZI;;;Scontro frontale/laterale DX fra veicoli in marcia;Intersezione non regolata/non segnalata;Una carreggiata a senso unico di marcia;Asciutto;Asfaltata;Verticale;Sereno;Scarso;Buona;Ore Diurne;0;0;0;4;;;-1;1;Autovettura privata;In marcia / fermata / arresto;Conducente;M;Illeso;0;;Non accertato;Inesistente
1875206;16;06/05/2011 11:10;Strada Urbana;VIA RAFFAELE PAOLUCCI;all'intersezione con;VIA FILIPPO BOTTAZZI;VIA FILIPPO BOTTAZZI;;;Scontro frontale/laterale DX fra veicoli in marcia;Intersezione non regolata/non segnalata;Una carreggiata a senso unico di marcia;Asciutto;Asfaltata;Verticale;Sereno;Scarso;Buona;Ore Diurne;0;0;0;4;;;-1;1;Autovettura privata;In marcia / fermata / arresto;Passeggero;F;Illeso;0;;Non accertato;Inesploso
1875206;16;06/05/2011 11:10;Strada Urbana;VIA RAFFAELE PAOLUCCI;all'intersezione con;VIA FILIPPO BOTTAZZI;VIA FILIPPO BOTTAZZI;;;Scontro frontale/laterale DX fra veicoli in marcia;Intersezione non regolata/non segnalata;Una carreggiata a senso unico di marcia;Asciutto;Asfaltata;Verticale;Sereno;Scarso;Buona;Ore Diurne;0;0;0;4;;;-1;1;Autovettura privata;In marcia / fermata / arresto;Passeggero;F;Illeso;0;;Non accertato;Inesistente
1875206;16;06/05/2011 11:10;Strada Urbana;VIA RAFFAELE PAOLUCCI;all'intersezione con;VIA FILIPPO BOTTAZZI;VIA FILIPPO BOTTAZZI;;;Scontro frontale/laterale DX fra veicoli in marcia;Intersezione non regolata/non segnalata;Una carreggiata a senso unico di marcia;Asciutto;Asfaltata;Verticale;Sereno;Scarso;Buona;Ore Diurne;0;0;0;4;;;-1;2;Autovettura privata;In marcia / fermata / arresto;Conducente;M;Illeso;0;;Non accertato;Inesistente
1875207;16;06/05/2011 09:25;Strada Urbana;VIA DI BRAVETTA;in prossimità;;del civico n. ;209;;Veicolo in marcia contro veicolo arresto;Rettilineo;Una carreggiata a doppio senso;Asciutto;Asfaltata;Verticale ed orizzontale;Sereno;Intenso;Buona;Ore Diurne;1;0;0;2;;;-1;1;Autovettura privata;In marcia / fermata / arresto;Conducente;M;Illeso;0;;Non accertato;Inesistente
1875207;16;06/05/2011 09:25;Strada Urbana;VIA DI BRAVETTA;in prossimità;;del civico n. ;209;;Veicolo in marcia contro veicolo arresto;Rettilineo;Una carreggiata a doppio senso;Asciutto;Asfaltata;Verticale ed orizzontale;Sereno;Intenso;Buona;Ore Diurne;1;0;0;2;;;-1;1;Autovettura privata;In marcia / fermata / arresto;Passeggero;M;Illeso;0;;Non accertato;Inesistente
1875207;16;06/05/2011 09:25;Strada Urbana;VIA DI BRAVETTA;in prossimità;;del civico n. ;209;;Veicolo in marcia contro veicolo arresto;Rettilineo;Una carreggiata a doppio senso;Asciutto;Asfaltata;Verticale ed orizzontale;Sereno;Intenso;Buona;Ore Diurne;1;0;0;2;;;-1;2;Motociclo a solo;In marcia / fermata / arresto;Conducente;M;Rimandato;0;NON DECEDUTO;Non accertato;Inesistente
1875208;1;08/05/2011 03:15;Strada Urbana;VIA PIETRO BARBIERI;all'intersezione con;VIA GIUSEPPE ROMITA;VIA GIUSEPPE ROMITA;;;Tamponamento;Incrocio;Una carreggiata a senso unico di marcia;Asciutto;Acciotolata;Verticale ed orizzontale;Sereno;Scarso;Buona;Sufficiente;1;0;0;2;;;-1;1;Ciclomotore;In marcia / fermata / arresto;Conducente;M;Rifiuta cure immediate;0;NON DECEDUTO;Non accertato;Inesistente
1875208;1;08/05/2011 03:15;Strada Urbana;VIA PIETRO BARBIERI;all'intersezione con;VIA GIUSEPPE ROMITA;VIA GIUSEPPE ROMITA;;;Tamponamento;Incrocio;Una carreggiata a senso unico di marcia;Asciutto;Acciotolata;Verticale ed orizzontale;Sereno;Scarso;Buona;Sufficiente;1;0;0;2;;;-1;2;Autovettura privata;In marcia / fermata / arresto;Conducente;F;Illeso;0;;Non accertato;Inesploso
1875208;1;08/05/2011 03:15;Strada Urbana;VIA PIETRO BARBIERI;all'intersezione con;VIA GIUSEPPE ROMITA;VIA GIUSEPPE ROMITA;;;Tamponamento;Incrocio;Una carreggiata a senso unico di marcia;Asciutto;Acciotolata;Verticale ed orizzontale;Sereno;Scarso;Buona;Sufficiente;1;0;0;2;;;-1;2;Autovettura privata;In marcia / fermata / arresto;Passeggero;F;Illeso;0;;Non accertato;Inesploso
1875209;16;06/05/2011 11:30;Strada Urbana;VIALE DEI COLLI PORTUENSI;in prossimità;;del civico n. ;225;;Scontro laterale fra veicoli in marcia;Rettilineo;Due carreggiate;Asciutto;Asfaltata;Verticale ed orizzontale;Sereno;Normale;Buona;Ore Diurne;0;0;0;2;;;-1;1;Motociclo a solo;In marcia / fermata / arresto;Conducente;M;Illeso;0;;Non accertato;Inesistente
1875209;16;06/05/2011 11:30;Strada Urbana;VIALE DEI COLLI PORTUENSI;in prossimità;;del civico n. ;225;;Scontro laterale fra veicoli in marcia;Rettilineo;Due carreggiate;Asciutto;Asfaltata;Verticale ed orizzontale;Sereno;Normale;Buona;Ore Diurne;0;0;0;2;;;-1;2;Autovettura privata;In marcia / fermata / arresto;Conducente;M;Illeso;0;;Non accertato;Inesploso
1875210;16;06/05/2011 15:40;Strada Urbana;VIA DI MONTE VERDE;all'intersezione con;VIA FERDINANDO VEROSPI;VIA FERDINANDO VEROSPI;;;Scontro frontale/laterale SX fra veicoli in marcia;Incrocio;Una carreggiata a doppio senso;Asciutto;Asfaltata;Verticale;Sereno;Normale;Buona;Ore Diurne;0;0;0;2;;;-1;1;Autovettura privata;In marcia / fermata / arresto;Conducente;F;Illeso;0;;Utilizzato;Inesistente
1875210;16;06/05/2011 15:40;Strada Urbana;VIA DI MONTE VERDE;all'intersezione con;VIA FERDINANDO VEROSPI;VIA FERDINANDO VEROSPI;;;Scontro frontale/laterale SX fra veicoli in marcia;Incrocio;Una carreggiata a doppio senso;Asciutto;Asfaltata;Verticale;Sereno;Normale;Buona;Ore Diurne;0;0;0;2;;;-1;2;Ciclomotore;In marcia / fermata / arresto;Conducente;M;Illeso;0;;Non accertato;Inesistente
1875211;11;07/05/2011 02:00;Strada Urbana;VIALE GUGLIELMO MARCONI;in corrispondenza;;del civico n. ;905;;Tamponamento;Rettilineo;Due carreggiate;Asciutto;Asfaltata;Verticale ed orizzontale;Sereno;Scarso;Sufficiente;Sufficiente;1;0;0;5;;;-1;1;Motociclo con passeggero;In marcia / fermata / arresto;Conducente;M;Rimandato;0;NON DECEDUTO;Non accertato;Inesistente
1875211;11;07/05/2011 02:00;Strada Urbana;VIALE GUGLIELMO MARCONI;in corrispondenza;;del civico n. ;905;;Tamponamento;Rettilineo;Due carreggiate;Asciutto;Asfaltata;Verticale ed orizzontale;Sereno;Scarso;Sufficiente;Sufficiente;1;0;0;5;;;-1;1;Motociclo con passeggero;In marcia / fermata / arresto;Passeggero;M;Illeso;0;;Non accertato;Inesistente
1875211;11;07/05/2011 02:00;Strada Urbana;VIALE GUGLIELMO MARCONI;in corrispondenza;;del civico n. ;905;;Tamponamento;Rettilineo;Due carreggiate;Asciutto;Asfaltata;Verticale ed orizzontale;Sereno;Scarso;Sufficiente;Sufficiente;1;0;0;5;;;-1;2;Autovettura privata;In marcia / fermata / arresto;Conducente;M;Illeso;0;;Utilizzato;Inesistente
1875211;11;07/05/2011 02:00;Strada Urbana;VIALE GUGLIELMO MARCONI;in corrispondenza;;del civico n. ;905;;Tamponamento;Rettilineo;Due carreggiate;Asciutto;Asfaltata;Verticale ed orizzontale;Sereno;Scarso;Sufficiente;Sufficiente;1;0;0;5;;;-1;2;Autovettura privata;In marcia / fermata / arresto;Passeggero;M;Illeso;0;;Non accertato;Inesistente
1875211;11;07/05/2011 02:00;Strada Urbana;VIALE GUGLIELMO MARCONI;in corrispondenza;;del civico n. ;905;;Tamponamento;Rettilineo;Due carreggiate;Asciutto;Asfaltata;Verticale ed orizzontale;Sereno;Scarso;Sufficiente;Sufficiente;1;0;0;5;;;-1;2;Autovettura privata;In marcia / fermata / arresto;Passeggero;M;Illeso;0;;Non accertato;Inesistente
1875211;11;07/05/2011 02:00;Strada Urbana;VIALE GUGLIELMO MARCONI;in corrispondenza;;del civico n. ;905;;Tamponamento;Rettilineo;Due carreggiate;Asciutto;Asfaltata;Verticale ed orizzontale;Sereno;Scarso;Sufficiente;Sufficiente;1;0;0;5;;;-1;2;Autovettura privata;In marcia / fermata / arresto;Passeggero;M;Illeso;0;;Non accertato;Inesistente
1875213;18;08/05/2011 06:30;Provinciale entro l'abitato;VIA DI BOCCEA;in prossimità;;del civico n. ;645;;Scontro frontale fra veicoli in marcia;Rettilineo;Una carreggiata a doppio senso;Asciutto;Asfaltata;Verticale ed orizzontale;Sereno;Scarso;Buona;Ore Diurne;2;0;0;1;;;-1;1;Autovettura privata;In marcia / fermata / arresto;Conducente;M;Ricoverato;0;NON DECEDUTO;Non accertato;Inesploso
1875213;18;08/05/2011 06:30;Provinciale entro l'abitato;VIA DI BOCCEA;in prossimità;;del civico n. ;645;;Scontro frontale fra veicoli in marcia;Rettilineo;Una carreggiata a doppio senso;Asciutto;Asfaltata;Verticale ed orizzontale;Sereno;Scarso;Buona;Ore Diurne;2;0;0;1;;;-1;2;Autovettura privata;In marcia / fermata / arresto;Conducente;M;Rimandato;0;NON DECEDUTO;Non accertato;Inesploso
1875213;18;08/05/2011 06:30;Provinciale entro l'abitato;VIA DI BOCCEA;in prossimità;;del civico n. ;645;;Scontro frontale fra veicoli in marcia;Rettilineo;Una carreggiata a doppio senso;Asciutto;Asfaltata;Verticale ed orizzontale;Sereno;Scarso;Buona;Ore Diurne;2;0;0;1;;;-1;2;Autovettura privata;In marcia / fermata / arresto;Passeggero;F;Illeso;0;;Non accertato;Inesistente
1875214;1;08/05/2011 15:00;Strada Urbana;VIA VITTORIO VENETO;in prossimità;;del civico n. ;24;;Veicolo in marcia contro ostacolo accidentale;Rettilineo;Una carreggiata a doppio senso;Asciutto;Asfaltata;Verticale ed orizzontale;Sereno;Scarso;Buona;Ore Diurne;1;0;0;0;;;-1;1;Motociclo a solo;In marcia / fermata / arresto;Conducente;M;Rifiuta cure immediate;0;NON DECEDUTO;Non accertato;Inesistente
1875215;1;09/05/2011 12:45;Strada Urbana;VIA MARIA ADELAIDE;in prossimità;;del civico n. ;9;;Veicolo in marcia contro ostacolo accidentale;Curva a visuale libera;Una carreggiata a senso unico di marcia;Asciutto;Asfaltata;Verticale ed orizzontale;Sereno;Normale;Buona;Ore Diurne;1;0;0;0;;;-1;1;Motociclo con passeggero;In marcia / fermata / arresto;Conducente;F;Rifiuta cure immediate;0;NON DECEDUTO;Non accertato;Inesistente
1875216;12;04/05/2011 13:10;Strada Urbana;VIA LAGO SANTO;in prossimità;;del civico n. ;11;;Tamponamento Multiplo;Strettoia;Una carreggiata a doppio senso;Asciutto;Asfaltata;Verticale ed orizzontale;Sereno;Normale;Buona;Ore Diurne;0;0;0;4;;;-1;1;Autocarro inferiore 35 q.;In marcia / fermata / arresto;Conducente;M;Illeso;0;;Utilizzato;Inesistente
1875216;12;04/05/2011 13:10;Strada Urbana;VIA LAGO SANTO;in prossimità;;del civico n. ;11;;Tamponamento Multiplo;Strettoia;Una carreggiata a doppio senso;Asciutto;Asfaltata;Verticale ed orizzontale;Sereno;Normale;Buona;Ore Diurne;0;0;0;4;;;-1;2;Autovettura privata;In marcia / fermata / arresto;Conducente;F;Illeso;0;;Utilizzato;Inesistente
1875216;12;04/05/2011 13:10;Strada Urbana;VIA LAGO SANTO;in prossimità;;del civico n. ;11;;Tamponamento Multiplo;Strettoia;Una carreggiata a doppio senso;Asciutto;Asfaltata;Verticale ed orizzontale;Sereno;Normale;Buona;Ore Diurne;0;0;0;4;;;-1;2;Autovettura privata;In marcia / fermata / arresto;Passeggero;M;Illeso;0;;Utilizzato;Inesistente
1875216;12;04/05/2011 13:10;Strada Urbana;VIA LAGO SANTO;in prossimità;;del civico n. ;11;;Tamponamento Multiplo;Strettoia;Una carreggiata a doppio senso;Asciutto;Asfaltata;Verticale ed orizzontale;Sereno;Normale;Buona;Ore Diurne;0;0;0;4;;;-1;3;Motociclo a solo;In marcia / fermata / arresto;Conducente;M;Illeso;0;;Utilizzato;Inesistente
1875217;1;10/05/2011 08:30;Strada Urbana;PIAZZALE OSTIENSE;all'intersezione con;VIALE MARCO POLO;VIALE MARCO POLO;;;Scontro laterale fra veicoli in marcia;Rotatoria;Una carreggiata a senso unico di marcia;Asciutto;Asfaltata;Verticale ed orizzontale;Sereno;Intenso;Buona;Ore Diurne;1;0;0;1;;;-1;1;Autovettura privata;In marcia / fermata / arresto;Conducente;M;Illeso;0;;Non accertato;Inesistente
1875217;1;10/05/2011 08:30;Strada Urbana;PIAZZALE OSTIENSE;all'intersezione con;VIALE MARCO POLO;VIALE MARCO POLO;;;Scontro laterale fra veicoli in marcia;Rotatoria;Una carreggiata a senso unico di marcia;Asciutto;Asfaltata;Verticale ed orizzontale;Sereno;Intenso;Buona;Ore Diurne;1;0;0;1;;;-1;2;Ciclomotore;In marcia / fermata / arresto;Conducente;M;Rifiuta cure immediate;0;NON DECEDUTO;Non accertato;Inesistente
1875219;1;10/05/2011 10:30;Strada Urbana;VIALE DEL MONTE OPPIO;all'intersezione con;VIALE CESARE CERADINI;VIALE CESARE CERADINI;;;Scontro frontale/laterale SX fra veicoli in marcia;Incrocio;Una carreggiata a doppio senso;Asciutto;Asfaltata;Verticale ed orizzontale;Sereno;Normale;Buona;Ore Diurne;1;0;0;1;;;-1;1;Motociclo con passeggero;In marcia / fermata / arresto;Conducente;M;Rimandato;0;NON DECEDUTO;Non accertato;Inesistente
1875219;1;10/05/2011 10:30;Strada Urbana;VIALE DEL MONTE OPPIO;all'intersezione con;VIALE CESARE CERADINI;VIALE CESARE CERADINI;;;Scontro frontale/laterale SX fra veicoli in marcia;Incrocio;Una carreggiata a doppio senso;Asciutto;Asfaltata;Verticale ed orizzontale;Sereno;Normale;Buona;Ore Diurne;1;0;0;1;;;-1;2;Autovettura privata;In marcia / fermata / arresto;Conducente;F;Illeso;0;;Utilizzato;Inesistente
1875220;12;04/05/2011 06:50;Strada Urbana;VIA CRISTOFORO COLOMBO;da specificare;;;;direzione Roma centro prossimità p.le P.L. Nervi;Tamponamento Multiplo;Rettilineo;Due carreggiate;Asciutto;Asfaltata;Orizzontale;Sereno;Intenso;Buona;Ore Diurne;1;0;0;4;;;-1;1;Autovettura privata;In marcia / fermata / arresto;Conducente;F;Illeso;0;;Utilizzato;Inesistente
1875220;12;04/05/2011 06:50;Strada Urbana;VIA CRISTOFORO COLOMBO;da specificare;;;;direzione Roma centro prossimità p.le P.L. Nervi;Tamponamento Multiplo;Rettilineo;Due carreggiate;Asciutto;Asfaltata;Orizzontale;Sereno;Intenso;Buona;Ore Diurne;1;0;0;4;;;-1;2;Autocarro inferiore 35 q.;In marcia / fermata / arresto;Conducente;M;Illeso;0;;Utilizzato;Inesistente
1875220;12;04/05/2011 06:50;Strada Urbana;VIA CRISTOFORO COLOMBO;da specificare;;;;direzione Roma centro prossimità p.le P.L. Nervi;Tamponamento Multiplo;Rettilineo;Due carreggiate;Asciutto;Asfaltata;Orizzontale;Sereno;Intenso;Buona;Ore Diurne;1;0;0;4;;;-1;2;Autocarro inferiore 35 q.;In marcia / fermata / arresto;Passeggero;M;Illeso;0;;Non accertato;Inesistente
1875220;12;04/05/2011 06:50;Strada Urbana;VIA CRISTOFORO COLOMBO;da specificare;;;;direzione Roma centro prossimità p.le P.L. Nervi;Tamponamento Multiplo;Rettilineo;Due carreggiate;Asciutto;Asfaltata;Orizzontale;Sereno;Intenso;Buona;Ore Diurne;1;0;0;4;;;-1;3;Autocarro inferiore 35 q.;In marcia / fermata / arresto;Conducente;M;Illeso;0;;Utilizzato;Inesistente
1875220;12;04/05/2011 06:50;Strada Urbana;VIA CRISTOFORO COLOMBO;da specificare;;;;direzione Roma centro prossimità p.le P.L. Nervi;Tamponamento Multiplo;Rettilineo;Due carreggiate;Asciutto;Asfaltata;Orizzontale;Sereno;Intenso;Buona;Ore Diurne;1;0;0;4;;;-1;4;Autocarro inferiore 35 q.;In marcia / fermata / arresto;Conducente;M;Rimandato;0;NON DECEDUTO;Utilizzato;Inesistente
1875221;11;10/05/2011 08:30;Strada Urbana;VIA IGNAZIO PERSICO;all'intersezione con;VIA GIOVANNI BATTISTA MAGNAGHI;VIA GIOVANNI BATTISTA MAGNAGHI;;;Infortunio per caduta del veicolo;Incrocio;Una carreggiata a senso unico di marcia;Asciutto;Asfaltata;Verticale ed orizzontale;Sereno;Normale;Buona;Ore Diurne;1;0;0;0;;;-1;1;Motociclo a solo;In marcia / fermata / arresto;Conducente;M;Rimandato;0;NON DECEDUTO;Non accertato;Inesistente
1875222;11;10/05/2011 10:10;Strada Urbana;VIALE GUGLIELMO MARCONI;all'intersezione semaforizzata con;VIA TEMISTOCLE CALZECCHI ONESTI;VIA TEMISTOCLE CALZECCHI ONESTI;;;Scontro laterale fra veicoli in marcia;Intersezione semaforizzata;Due carreggiate;Asciutto;Asfaltata;Verticale ed orizzontale;Sereno;Normale;Buona;Ore Diurne;1;0;0;1;;;-1;0;Autovettura privata;In marcia / fermata / arresto;Conducente;M;Illeso;0;;Non accertato;Inesistente
1875222;11;10/05/2011 10:10;Strada Urbana;VIALE GUGLIELMO MARCONI;all'intersezione semaforizzata con;VIA TEMISTOCLE CALZECCHI ONESTI;VIA TEMISTOCLE CALZECCHI ONESTI;;;Scontro laterale fra veicoli in marcia;Intersezione semaforizzata;Due carreggiate;Asciutto;Asfaltata;Verticale ed orizzontale;Sereno;Normale;Buona;Ore Diurne;1;0;0;1;;;-1;2;Motociclo a solo;In marcia / fermata / arresto;Conducente;M;Rimandato;0;NON DECEDUTO;Non accertato;Inesistente
1875223;11;10/05/2011 13:40;Strada Urbana;CIRCONVALLAZIONE OSTIENSE;in prossimità;;del civico n. ;191;;Ribaltamento senza urto contro ostacolo fisso;Rettilineo;Due carreggiate;Asciutto;Asfaltata;Assente;Sereno;Normale;Buona;Ore Diurne;0;0;0;2;;;-1;1;Autovettura privata;In marcia / fermata / arresto;Conducente;M;Illeso;0;;Non accertato;Inesploso
1875223;11;10/05/2011 13:40;Strada Urbana;CIRCONVALLAZIONE OSTIENSE;in prossimità;;del civico n. ;191;;Ribaltamento senza urto contro ostacolo fisso;Rettilineo;Due carreggiate;Asciutto;Asfaltata;Assente;Sereno;Normale;Buona;Ore Diurne;0;0;0;2;;;-1;2;Motociclo a solo;In marcia / fermata / arresto;Conducente;M;Illeso;0;;Non accertato;Inesistente
1875224;12;04/05/2011 01:45;Provinciale;VIA LAURENTINA;in prossimità;;della chilometrica ;15;;Scontro frontale/laterale SX fra veicoli in marcia;Rettilineo;Una carreggiata a doppio senso;Asciutto;Asfaltata;Orizzontale;Sereno;Scarso;Insufficiente;Inesistente;1;0;0;2;;;-1;1;Autovettura privata;In marcia / fermata / arresto;Conducente;F;Illeso;0;;Utilizzato;Esploso
1875224;12;04/05/2011 01:45;Provinciale;VIA LAURENTINA;in prossimità;;della chilometrica ;15;;Scontro frontale/laterale SX fra veicoli in marcia;Rettilineo;Una carreggiata a doppio senso;Asciutto;Asfaltata;Orizzontale;Sereno;Scarso;Insufficiente;Inesistente;1;0;0;2;;;-1;2;Autovettura privata;In marcia / fermata / arresto;Conducente;F;Illeso;0;;Utilizzato;Inesistente
1875224;12;04/05/2011 01:45;Provinciale;VIA LAURENTINA;in prossimità;;della chilometrica ;15;;Scontro frontale/laterale SX fra veicoli in marcia;Rettilineo;Una carreggiata a doppio senso;Asciutto;Asfaltata;Orizzontale;Sereno;Scarso;Insufficiente;Inesistente;1;0;0;2;;;-1;2;Autovettura privata;In marcia / fermata / arresto;Passeggero;F;Rimandato;0;NON DECEDUTO;Utilizzato;Esploso