Protocollo;Gruppo;DataOraIncidente;Localizzazione1;STRADA1;Localizzazione2;STRADA2;Strada02;Chilometrica;DaSpecificare;NaturaIncidente;particolaritastrade;TipoStrada;FondoStradale;Pavimentazione;Segnaletica;CondizioneAtmosferica;Traffico;Visibilita;Illuminazione;NUM_FERITI;NUM_RISERVATA;NUM_MORTI;NUM_ILLESI;Longitudine;Latitudine;Confermato;Progressivo;TipoVeicolo;StatoVeicolo;TipoPersona;Sesso;Tipolesione;Deceduto;DecedutoDopo;CinturaCascoUtilizzato;Airbag
1875838;8;16/05/2011 19:45;Strada Urbana;VIA DEL FOSSO DI VALPIGNOLA;all'intersezione con;VIA DI TORRE JACOVA;VIA DI TORRE JACOVA;;;Scontro frontale/laterale DX fra veicoli in marcia;Incrocio;Una carreggiata a doppio senso;Asciutto;Strada pavimentata dissestata;Assente;Sereno;Scarso;Sufficiente;Ore Diurne;1;0;0;1;;;-1;1;Autovettura privata;In marcia / fermata / arresto;Conducente;M;Rifiuta cure immediate;0;NON DECEDUTO;Non accertato;Inesploso
1875838;8;16/05/2011 19:45;Strada Urbana;VIA DEL FOSSO DI VALPIGNOLA;all'intersezione con;VIA DI TORRE JACOVA;VIA DI TORRE JACOVA;;;Scontro frontale/laterale DX fra veicoli in marcia;Incrocio;Una carreggiata a doppio senso;Asciutto;Strada pavimentata dissestata;Assente;Sereno;Scarso;Sufficiente;Ore Diurne;1;0;0;1;;;-1;2;Autovettura privata;In marcia / fermata / arresto;Conducente;M;Illeso;0;;Non accertato;Inesploso
1875839;8;16/05/2011 06:45;Statale entro l'abitato;VIA CASILINA;in prossimità;;del civico n. ;1212;;Tamponamento Multiplo;Rettilineo;Una carreggiata a doppio senso;Asciutto;Asfaltata;Verticale ed orizzontale;Sereno;Intenso;Sufficiente;Ore Diurne;0;0;0;4;;;-1;1;Autovettura privata;In marcia / fermata / arresto;Conducente;F;Illeso;0;;Non accertato;Inesistente
1875839;8;16/05/2011 06:45;Statale entro l'abitato;VIA CASILINA;in prossimità;;del civico n. ;1212;;Tamponamento Multiplo;Rettilineo;Una carreggiata a doppio senso;Asciutto;Asfaltata;Verticale ed orizzontale;Sereno;Intenso;Sufficiente;Ore Diurne;0;0;0;4;;;-1;2;Autovettura privata;In marcia / fermata / arresto;Conducente;M;Illeso;0;;Non accertato;Inesistente
1875839;8;16/05/2011 06:45;Statale entro l'abitato;VIA CASILINA;in prossimità;;del civico n. ;1212;;Tamponamento Multiplo;Rettilineo;Una carreggiata a doppio senso;Asciutto;Asfaltata;Verticale ed orizzontale;Sereno;Intenso;Sufficiente;Ore Diurne;0;0;0;4;;;-1;3;Autovettura privata;In marcia / fermata / arresto;Conducente;M;Illeso;0;;Non accertato;Inesistente
1875839;8;16/05/2011 06:45;Statale entro l'abitato;VIA CASILINA;in prossimità;;del civico n. ;1212;;Tamponamento Multiplo;Rettilineo;Una carreggiata a doppio senso;Asciutto;Asfaltata;Verticale ed orizzontale;Sereno;Intenso;Sufficiente;Ore Diurne;0;0;0;4;;;-1;3;Autovettura privata;In marcia / fermata / arresto;Passeggero;M;Illeso;0;;Non accertato;Inesistente
1875840;19;16/05/2011 17:35;Strada Urbana;VIA DI TORREVECCHIA;all'intersezione con;VIA CESARE CASTIGLIONI;VIA CESARE CASTIGLIONI;;;Scontro frontale/laterale DX fra veicoli in marcia;Incrocio;Una carreggiata a doppio senso;Asciutto;Asfaltata;Verticale ed orizzontale;Sereno;Normale;Buona;Ore Diurne;1;0;0;1;;;-1;1;Autovettura privata;In marcia / fermata / arresto;Conducente;F;Illeso;0;;Non accertato;Inesistente
1875840;19;16/05/2011 17:35;Strada Urbana;VIA DI TORREVECCHIA;all'intersezione con;VIA CESARE CASTIGLIONI;VIA CESARE CASTIGLIONI;;;Scontro frontale/laterale DX fra veicoli in marcia;Incrocio;Una carreggiata a doppio senso;Asciutto;Asfaltata;Verticale ed orizzontale;Sereno;Normale;Buona;Ore Diurne;1;0;0;1;;;-1;2;Motociclo a solo;In marcia / fermata / arresto;Conducente;M;Rimandato;0;NON DECEDUTO;Non accertato;Inesistente
1875841;10;16/05/2011 14:35;Strada Urbana;VIA TUSCOLANA;da specificare;;;;fronte civico 1280;Scontro frontale/laterale DX fra veicoli in marcia;Rettilineo;Una carreggiata a senso unico di marcia;Asciutto;Asfaltata;Verticale ed orizzontale;Sereno;Normale;Sufficiente;Ore Diurne;0;0;0;2;;;-1;1;Autovettura privata;In marcia / fermata / arresto;Conducente;M;Illeso;0;;Non accertato;Inesistente
1875841;10;16/05/2011 14:35;Strada Urbana;VIA TUSCOLANA;da specificare;;;;fronte civico 1280;Scontro frontale/laterale DX fra veicoli in marcia;Rettilineo;Una carreggiata a senso unico di marcia;Asciutto;Asfaltata;Verticale ed orizzontale;Sereno;Normale;Sufficiente;Ore Diurne;0;0;0;2;;;-1;2;Autovettura privata;In marcia / fermata / arresto;Conducente;F;Illeso;0;;Non accertato;Inesistente
1875842;10;16/05/2011 14:45;Strada Urbana;VIA TUSCOLANA;in corrispondenza;;del civico n. ;1376;;Tamponamento;Rettilineo;Due carreggiate;Asciutto;Asfaltata;Verticale ed orizzontale;Sereno;Normale;Buona;Ore Diurne;0;0;0;2;;;-1;1;Autovettura privata;In marcia / fermata / arresto;Conducente;M;Illeso;0;;Non accertato;Inesploso
1875842;10;16/05/2011 14:45;Strada Urbana;VIA TUSCOLANA;in corrispondenza;;del civico n. ;1376;;Tamponamento;Rettilineo;Due carreggiate;Asciutto;Asfaltata;Verticale ed orizzontale;Sereno;Normale;Buona;Ore Diurne;0;0;0;2;;;-1;1;Autovettura privata;In marcia / fermata / arresto;Passeggero;F;Illeso;0;;Non accertato;Inesploso
1875843;10;16/05/2011 16:55;Strada Urbana;VIALE BRUNO PELIZZI;in prossimità;;del civico n. ;123;;Scontro laterale fra veicoli in marcia;Curva a visuale libera;Due carreggiate;Asciutto;Asfaltata;Verticale ed orizzontale;Sereno;Normale;Buona;Ore Diurne;1;0;0;3;;;-1;1;Autovettura privata;In marcia / fermata / arresto;Conducente;F;Illeso;0;;Non accertato;Inesploso
1875843;10;16/05/2011 16:55;Strada Urbana;VIALE BRUNO PELIZZI;in prossimità;;del civico n. ;123;;Scontro laterale fra veicoli in marcia;Curva a visuale libera;Due carreggiate;Asciutto;Asfaltata;Verticale ed orizzontale;Sereno;Normale;Buona;Ore Diurne;1;0;0;3;;;-1;1;Autovettura privata;In marcia / fermata / arresto;Passeggero;M;Illeso;0;;Non accertato;Inesploso
1875843;10;16/05/2011 16:55;Strada Urbana;VIALE BRUNO PELIZZI;in prossimità;;del civico n. ;123;;Scontro laterale fra veicoli in marcia;Curva a visuale libera;Due carreggiate;Asciutto;Asfaltata;Verticale ed orizzontale;Sereno;Normale;Buona;Ore Diurne;1;0;0;3;;;-1;2;Motociclo con passeggero;In marcia / fermata / arresto;Conducente;M;Rimandato;0;NON DECEDUTO;Non accertato;Inesistente
1875843;10;16/05/2011 16:55;Strada Urbana;VIALE BRUNO PELIZZI;in prossimità;;del civico n. ;123;;Scontro laterale fra veicoli in marcia;Curva a visuale libera;Due carreggiate;Asciutto;Asfaltata;Verticale ed orizzontale;Sereno;Normale;Buona;Ore Diurne;1;0;0;3;;;-1;2;Motociclo con passeggero;In marcia / fermata / arresto;Passeggero;M;Illeso;0;;Non accertato;Inesistente
1875844;19;16/05/2011 18:15;Strada Urbana;VIA DELLA BALDUINA;in prossimità;;del civico n. ;175/b;;Investimento di pedone;Rettilineo;Una carreggiata a doppio senso;Asciutto;Asfaltata;Verticale ed orizzontale;Sereno;Normale;Sufficiente;Ore Diurne;1;0;0;1;;;-1;;;;Pedone;F;Rimandato;0;NON DECEDUTO;;
1875844;19;16/05/2011 18:15;Strada Urbana;VIA DELLA BALDUINA;in prossimità;;del civico n. ;175/b;;Investimento di pedone;Rettilineo;Una carreggiata a doppio senso;Asciutto;Asfaltata;Verticale ed orizzontale;Sereno;Normale;Sufficiente;Ore Diurne;1;0;0;1;;;-1;1;Autovettura privata;In marcia / fermata / arresto;Conducente;F;Illeso;0;;Non accertato;Inesistente
1875845;10;16/05/2011 19:25;Strada Urbana;VIA APPIA PIGNATELLI;in prossimità;;del civico n. ;380;;Tamponamento Multiplo;Rettilineo;Una carreggiata a doppio senso;Asciutto;Asfaltata;Verticale ed orizzontale;Sereno;Normale;Buona;Ore Diurne;0;0;0;4;;;-1;1;Autovettura privata;In marcia / fermata / arresto;Conducente;F;Illeso;0;;Non accertato;Inesploso
1875845;10;16/05/2011 19:25;Strada Urbana;VIA APPIA PIGNATELLI;in prossimità;;del civico n. ;380;;Tamponamento Multiplo;Rettilineo;Una carreggiata a doppio senso;Asciutto;Asfaltata;Verticale ed orizzontale;Sereno;Normale;Buona;Ore Diurne;0;0;0;4;;;-1;2;Autovettura privata;In marcia / fermata / arresto;Conducente;F;Illeso;0;;Non accertato;Inesploso
1875845;10;16/05/2011 19:25;Strada Urbana;VIA APPIA PIGNATELLI;in prossimità;;del civico n. ;380;;Tamponamento Multiplo;Rettilineo;Una carreggiata a doppio senso;Asciutto;Asfaltata;Verticale ed orizzontale;Sereno;Normale;Buona;Ore Diurne;0;0;0;4;;;-1;3;Autovettura privata;In marcia / fermata / arresto;Conducente;M;Illeso;0;;Non accertato;Inesistente
1875845;10;16/05/2011 19:25;Strada Urbana;VIA APPIA PIGNATELLI;in prossimità;;del civico n. ;380;;Tamponamento Multiplo;Rettilineo;Una carreggiata a doppio senso;Asciutto;Asfaltata;Verticale ed orizzontale;Sereno;Normale;Buona;Ore Diurne;0;0;0;4;;;-1;3;Autovettura privata;In marcia / fermata / arresto;Passeggero;F;Illeso;0;;Non accertato;Inesploso
1875846;7;16/05/2011 14:50;Strada Urbana;VIALE ALESSANDRINO;in prossimità;;del civico n. ;632;;Tamponamento;Rettilineo;Una carreggiata a doppio senso;Asciutto;Asfaltata;Verticale ed orizzontale;Sereno;Normale;Buona;Ore Diurne;0;0;0;3;;;-1;1;Autovettura privata;In marcia / fermata / arresto;Conducente;M;Illeso;0;;Non accertato;Inesploso
1875846;7;16/05/2011 14:50;Strada Urbana;VIALE ALESSANDRINO;in prossimità;;del civico n. ;632;;Tamponamento;Rettilineo;Una carreggiata a doppio senso;Asciutto;Asfaltata;Verticale ed orizzontale;Sereno;Normale;Buona;Ore Diurne;0;0;0;3;;;-1;1;Autovettura privata;In marcia / fermata / arresto;Passeggero;F;Illeso;0;;Non accertato;Inesploso
1875846;7;16/05/2011 14:50;Strada Urbana;VIALE ALESSANDRINO;in prossimità;;del civico n. ;632;;Tamponamento;Rettilineo;Una carreggiata a doppio senso;Asciutto;Asfaltata;Verticale ed orizzontale;Sereno;Normale;Buona;Ore Diurne;0;0;0;3;;;-1;2;Autovettura privata;In marcia / fermata / arresto;Conducente;M;Illeso;0;;Non accertato;Inesistente
1875847;19;16/05/2011 18:30;Strada Urbana;VIA DUCCIO GALIMBERTI;in corrispondenza;;del civico n. ;5;;Scontro laterale fra veicoli in marcia;Rettilineo;Una carreggiata a doppio senso;Asciutto;Asfaltata;Orizzontale;Sereno;Normale;Buona;Ore Diurne;0;0;0;3;;;-1;1;Autovettura privata;In marcia / fermata / arresto;Conducente;F;Illeso;0;;Non accertato;Inesploso
1875847;19;16/05/2011 18:30;Strada Urbana;VIA DUCCIO GALIMBERTI;in corrispondenza;;del civico n. ;5;;Scontro laterale fra veicoli in marcia;Rettilineo;Una carreggiata a doppio senso;Asciutto;Asfaltata;Orizzontale;Sereno;Normale;Buona;Ore Diurne;0;0;0;3;;;-1;2;Autovettura privata;In marcia / fermata / arresto;Conducente;F;Illeso;0;;Non accertato;Inesploso
1875847;19;16/05/2011 18:30;Strada Urbana;VIA DUCCIO GALIMBERTI;in corrispondenza;;del civico n. ;5;;Scontro laterale fra veicoli in marcia;Rettilineo;Una carreggiata a doppio senso;Asciutto;Asfaltata;Orizzontale;Sereno;Normale;Buona;Ore Diurne;0;0;0;3;;;-1;2;Autovettura privata;In marcia / fermata / arresto;Passeggero;M;Illeso;0;;Non accertato;Inesploso
1875848;15;17/05/2011 05:50;Strada Urbana;VIALE PROSPERO COLONNA;all'intersezione con;VIA PIETRO VENTURI;VIA PIETRO VENTURI;;;Scontro frontale/laterale DX fra veicoli in marcia;Intersezione stradale segnalata;Due carreggiate;Asciutto;Asfaltata;Verticale ed orizzontale;Nuvoloso;Scarso;Buona;Ore Diurne;1;0;0;1;;;-1;1;Motociclo a solo;In marcia / fermata / arresto;Conducente;M;Rimandato;0;NON DECEDUTO;Utilizzato;Inesistente
1875848;15;17/05/2011 05:50;Strada Urbana;VIALE PROSPERO COLONNA;all'intersezione con;VIA PIETRO VENTURI;VIA PIETRO VENTURI;;;Scontro frontale/laterale DX fra veicoli in marcia;Intersezione stradale segnalata;Due carreggiate;Asciutto;Asfaltata;Verticale ed orizzontale;Nuvoloso;Scarso;Buona;Ore Diurne;1;0;0;1;;;-1;2;Autovettura privata;In marcia / fermata / arresto;Conducente;F;Illeso;0;;Utilizzato;Inesistente
1875849;19;16/05/2011 18:40;Strada Urbana;VIA DELLA BALDUINA;in prossimità;;del civico n. ;259/A;;Scontro frontale/laterale SX fra veicoli in marcia;Rettilineo;Una carreggiata a doppio senso;Asciutto;Asfaltata;Verticale ed orizzontale;Sereno;Normale;Buona;Ore Diurne;0;0;0;5;;;-1;1;Autovettura privata;In marcia / fermata / arresto;Conducente;F;Illeso;0;;Non accertato;Inesistente
1875849;19;16/05/2011 18:40;Strada Urbana;VIA DELLA BALDUINA;in prossimità;;del civico n. ;259/A;;Scontro frontale/laterale SX fra veicoli in marcia;Rettilineo;Una carreggiata a doppio senso;Asciutto;Asfaltata;Verticale ed orizzontale;Sereno;Normale;Buona;Ore Diurne;0;0;0;5;;;-1;2;Autovettura privata;In marcia / fermata / arresto;Conducente;M;Illeso;0;;Non accertato;Inesistente
1875849;19;16/05/2011 18:40;Strada Urbana;VIA DELLA BALDUINA;in prossimità;;del civico n. ;259/A;;Scontro frontale/laterale SX fra veicoli in marcia;Rettilineo;Una carreggiata a doppio senso;Asciutto;Asfaltata;Verticale ed orizzontale;Sereno;Normale;Buona;Ore Diurne;0;0;0;5;;;-1;2;Autovettura privata;In marcia / fermata / arresto;Passeggero;F;Illeso;0;;Non accertato;Inesistente
1875849;19;16/05/2011 18:40;Strada Urbana;VIA DELLA BALDUINA;in prossimità;;del civico n. ;259/A;;Scontro frontale/laterale SX fra veicoli in marcia;Rettilineo;Una carreggiata a doppio senso;Asciutto;Asfaltata;Verticale ed orizzontale;Sereno;Normale;Buona;Ore Diurne;0;0;0;5;;;-1;2;Autovettura privata;In marcia / fermata / arresto;Passeggero;F;Illeso;0;;Non accertato;Inesistente
1875849;19;16/05/2011 18:40;Strada Urbana;VIA DELLA BALDUINA;in prossimità;;del civico n. ;259/A;;Scontro frontale/laterale SX fra veicoli in marcia;Rettilineo;Una carreggiata a doppio senso;Asciutto;Asfaltata;Verticale ed orizzontale;Sereno;Normale;Buona;Ore Diurne;0;0;0;5;;;-1;2;Autovettura privata;In marcia / fermata / arresto;Passeggero;F;Illeso;0;;Non accertato;Inesistente
1875850;20;16/05/2011 07:55;Regionale entro l'abitato;VIA CASSIA;in prossimità;;del civico n. ;632;;Tamponamento;Rettilineo;Una carreggiata a doppio senso;Asciutto;Asfaltata;Verticale ed orizzontale;Sereno;Intenso;Buona;Ore Diurne;0;0;0;2;;;-1;1;Motociclo a solo;In marcia / fermata / arresto;Conducente;M;Illeso;0;;Esente;Inesistente
1875850;20;16/05/2011 07:55;Regionale entro l'abitato;VIA CASSIA;in prossimità;;del civico n. ;632;;Tamponamento;Rettilineo;Una carreggiata a doppio senso;Asciutto;Asfaltata;Verticale ed orizzontale;Sereno;Intenso;Buona;Ore Diurne;0;0;0;2;;;-1;2;Motociclo a solo;In marcia / fermata / arresto;Conducente;M;Illeso;0;;Non accertato;Inesistente
1875851;7;16/05/2011 15:45;Strada Urbana;VIA CASILINA;in prossimità;;del civico n. ;900;;Tamponamento Multiplo;Rettilineo;Una carreggiata a senso unico di marcia;Asciutto;Asfaltata;Orizzontale;Sereno;Normale;Buona;Ore Diurne;0;0;0;5;;;-1;1;Autoveicolo trasp.promisc.;In marcia / fermata / arresto;Conducente;M;Illeso;0;;Non accertato;Inesploso
1875851;7;16/05/2011 15:45;Strada Urbana;VIA CASILINA;in prossimità;;del civico n. ;900;;Tamponamento Multiplo;Rettilineo;Una carreggiata a senso unico di marcia;Asciutto;Asfaltata;Orizzontale;Sereno;Normale;Buona;Ore Diurne;0;0;0;5;;;-1;2;Autovettura privata;In marcia / fermata / arresto;Conducente;M;Illeso;0;;Non accertato;Inesploso
1875851;7;16/05/2011 15:45;Strada Urbana;VIA CASILINA;in prossimità;;del civico n. ;900;;Tamponamento Multiplo;Rettilineo;Una carreggiata a senso unico di marcia;Asciutto;Asfaltata;Orizzontale;Sereno;Normale;Buona;Ore Diurne;0;0;0;5;;;-1;3;Autocarro inferiore 35 q.;In marcia / fermata / arresto;Conducente;M;Illeso;0;;Non accertato;Inesistente
1875851;7;16/05/2011 15:45;Strada Urbana;VIA CASILINA;in prossimità;;del civico n. ;900;;Tamponamento Multiplo;Rettilineo;Una carreggiata a senso unico di marcia;Asciutto;Asfaltata;Orizzontale;Sereno;Normale;Buona;Ore Diurne;0;0;0;5;;;-1;3;Autocarro inferiore 35 q.;In marcia / fermata / arresto;Passeggero;F;Illeso;0;;Non accertato;Inesistente
1875851;7;16/05/2011 15:45;Strada Urbana;VIA CASILINA;in prossimità;;del civico n. ;900;;Tamponamento Multiplo;Rettilineo;Una carreggiata a senso unico di marcia;Asciutto;Asfaltata;Orizzontale;Sereno;Normale;Buona;Ore Diurne;0;0;0;5;;;-1;3;Autocarro inferiore 35 q.;In marcia / fermata / arresto;Passeggero;F;Illeso;0;;Non accertato;Inesistente
1875852;9;16/05/2011 20:00;Strada Urbana;VIA LICIA;all'intersezione con;PIAZZA EPIRO;PIAZZA EPIRO;;;Tamponamento;Intersezione stradale segnalata;Una carreggiata a senso unico di marcia;Asciutto;Asfaltata;Verticale ed orizzontale;Sereno;Normale;Sufficiente;Sufficiente;1;0;0;3;;;-1;1;Autobus urbano;In marcia / fermata / arresto;Conducente;M;Illeso;0;;Non accertato;Inesistente
1875852;9;16/05/2011 20:00;Strada Urbana;VIA LICIA;all'intersezione con;PIAZZA EPIRO;PIAZZA EPIRO;;;Tamponamento;Intersezione stradale segnalata;Una carreggiata a senso unico di marcia;Asciutto;Asfaltata;Verticale ed orizzontale;Sereno;Normale;Sufficiente;Sufficiente;1;0;0;3;;;-1;1;Autobus urbano;In marcia / fermata / arresto;Passeggero;M;Rimandato;0;NON DECEDUTO;Non accertato;Inesistente
1875852;9;16/05/2011 20:00;Strada Urbana;VIA LICIA;all'intersezione con;PIAZZA EPIRO;PIAZZA EPIRO;;;Tamponamento;Intersezione stradale segnalata;Una carreggiata a senso unico di marcia;Asciutto;Asfaltata;Verticale ed orizzontale;Sereno;Normale;Sufficiente;Sufficiente;1;0;0;3;;;-1;2;Autovettura privata;In marcia / fermata / arresto;Conducente;M;Illeso;0;;Non accertato;Inesistente
1875852;9;16/05/2011 20:00;Strada Urbana;VIA LICIA;all'intersezione con;PIAZZA EPIRO;PIAZZA EPIRO;;;Tamponamento;Intersezione stradale segnalata;Una carreggiata a senso unico di marcia;Asciutto;Asfaltata;Verticale ed orizzontale;Sereno;Normale;Sufficiente;Sufficiente;1;0;0;3;;;-1;2;Autovettura privata;In marcia / fermata / arresto;Passeggero;F;Illeso;0;;Non accertato;Inesistente
1875853;19;16/05/2011 20:45;Strada Urbana;VIA PIETRO PAOLO VERGERIO;da specificare;;;;in pross. Via M. Vegio;Scontro laterale fra veicoli in marcia;Rettilineo;Una carreggiata a doppio senso;Asciutto;Asfaltata;Verticale;Sereno;Scarso;Buona;Sufficiente;0;0;0;2;;;-1;1;Autovettura privata;In marcia / fermata / arresto;Conducente;F;Illeso;0;;Non accertato;Inesistente
1875853;19;16/05/2011 20:45;Strada Urbana;VIA PIETRO PAOLO VERGERIO;da specificare;;;;in pross. Via M. Vegio;Scontro laterale fra veicoli in marcia;Rettilineo;Una carreggiata a doppio senso;Asciutto;Asfaltata;Verticale;Sereno;Scarso;Buona;Sufficiente;0;0;0;2;;;-1;2;Autovettura privata;In marcia / fermata / arresto;Conducente;F;Illeso;0;;Non accertato;Inesistente
1875854;20;16/05/2011 09:00;Strada Urbana;VIA TUSCANIA;in corrispondenza;;del civico n. ;3;;Tamponamento;Rettilineo;Una carreggiata a senso unico di marcia;Asciutto;Asfaltata;Verticale;Sereno;Normale;Buona;Ore Diurne;0;0;0;2;;;-1;1;Autovettura privata;In marcia / fermata / arresto;Conducente;M;Illeso;0;;Non accertato;Inesistente
1875854;20;16/05/2011 09:00;Strada Urbana;VIA TUSCANIA;in corrispondenza;;del civico n. ;3;;Tamponamento;Rettilineo;Una carreggiata a senso unico di marcia;Asciutto;Asfaltata;Verticale;Sereno;Normale;Buona;Ore Diurne;0;0;0;2;;;-1;2;Autovettura privata;In marcia / fermata / arresto;Conducente;F;Illeso;0;;Non accertato;Inesploso
1875855;20;16/05/2011 17:30;Provinciale;VIA TIBERINA;da specificare;;;;alt. rampa immissione per via Flaminia dir.Terni;Scontro frontale fra veicoli in marcia;Curva senza visuale libera;Una carreggiata a doppio senso;Asciutto;Asfaltata;Verticale ed orizzontale;Sereno;Intenso;Sufficiente;Ore Diurne;0;0;0;3;;;-1;1;Autovettura privata;In marcia / fermata / arresto;Conducente;M;Illeso;0;;Non accertato;Inesploso
1875855;20;16/05/2011 17:30;Provinciale;VIA TIBERINA;da specificare;;;;alt. rampa immissione per via Flaminia dir.Terni;Scontro frontale fra veicoli in marcia;Curva senza visuale libera;Una carreggiata a doppio senso;Asciutto;Asfaltata;Verticale ed orizzontale;Sereno;Intenso;Sufficiente;Ore Diurne;0;0;0;3;;;-1;2;Motociclo con passeggero;In marcia / fermata / arresto;Conducente;F;Illeso;0;;Non accertato;Inesistente
1875855;20;16/05/2011 17:30;Provinciale;VIA TIBERINA;da specificare;;;;alt. rampa immissione per via Flaminia dir.Terni;Scontro frontale fra veicoli in marcia;Curva senza visuale libera;Una carreggiata a doppio senso;Asciutto;Asfaltata;Verticale ed orizzontale;Sereno;Intenso;Sufficiente;Ore Diurne;0;0;0;3;;;-1;2;Motociclo con passeggero;In marcia / fermata / arresto;Passeggero;F;Illeso;0;;Non accertato;Inesistente
1875856;7;16/05/2011 18:30;Strada Urbana;VIA DELLE ACACIE;in corrispondenza;;del civico n. ;42;;Investimento di pedone;Rettilineo;Una carreggiata a doppio senso;Asciutto;Asfaltata;Orizzontale;Sereno;Normale;Buona;Ore Diurne;1;0;0;1;;;-1;;;;Pedone;M;Rimandato;0;NON DECEDUTO;;
1875856;7;16/05/2011 18:30;Strada Urbana;VIA DELLE ACACIE;in corrispondenza;;del civico n. ;42;;Investimento di pedone;Rettilineo;Una carreggiata a doppio senso;Asciutto;Asfaltata;Orizzontale;Sereno;Normale;Buona;Ore Diurne;1;0;0;1;;;-1;1;Autocarro inferiore 35 q.;In marcia / fermata / arresto;Conducente;M;Illeso;0;;Non accertato;Inesploso
1875857;13;16/05/2011 16:20;Strada Urbana;VIA DEL MARE;all'intersezione semaforizzata con;VIA DELLE GONDOLE;VIA DELLE GONDOLE;;;Tamponamento;Incrocio;Una carreggiata a doppio senso;Asciutto;Asfaltata;Verticale ed orizzontale;Sereno;Normale;Buona;Ore Diurne;1;0;0;3;;;-1;1;Autovettura privata;In marcia / fermata / arresto;Conducente;M;Illeso;0;;Non accertato;Esploso
1875857;13;16/05/2011 16:20;Strada Urbana;VIA DEL MARE;all'intersezione semaforizzata con;VIA DELLE GONDOLE;VIA DELLE GONDOLE;;;Tamponamento;Incrocio;Una carreggiata a doppio senso;Asciutto;Asfaltata;Verticale ed orizzontale;Sereno;Normale;Buona;Ore Diurne;1;0;0;3;;;-1;2;Autovettura privata;In marcia / fermata / arresto;Conducente;M;Illeso;0;;Non accertato;Inesploso
1875857;13;16/05/2011 16:20;Strada Urbana;VIA DEL MARE;all'intersezione semaforizzata con;VIA DELLE GONDOLE;VIA DELLE GONDOLE;;;Tamponamento;Incrocio;Una carreggiata a doppio senso;Asciutto;Asfaltata;Verticale ed orizzontale;Sereno;Normale;Buona;Ore Diurne;1;0;0;3;;;-1;2;Autovettura privata;In marcia / fermata / arresto;Passeggero;F;Illeso;0;;Non utilizzato;Inesploso
1875857;13;16/05/2011 16:20;Strada Urbana;VIA DEL MARE;all'intersezione semaforizzata con;VIA DELLE GONDOLE;VIA DELLE GONDOLE;;;Tamponamento;Incrocio;Una carreggiata a doppio senso;Asciutto;Asfaltata;Verticale ed orizzontale;Sereno;Normale;Buona;Ore Diurne;1;0;0;3;;;-1;3;Autovettura privata;In marcia / fermata / arresto;Conducente;M;Rimandato;0;NON DECEDUTO;Non accertato;Inesploso
1875859;13;16/05/2011 18:30;Strada Urbana;VIA TORCEGNO;in prossimità;;del civico n. ;171;;Scontro frontale fra veicoli in marcia;Rettilineo;Una carreggiata a doppio senso;Asciutto;Con buche;Orizzontale;Sereno;Scarso;Buona;Ore Diurne;0;0;0;1;;;-1;1;Autovettura privata;In marcia / fermata / arresto;Conducente;M;Illeso;0;;Non accertato;Inesploso
1875860;12;16/05/2011 14:10;Strada Urbana;VIA CRISTOFORO COLOMBO;all'intersezione con;PIAZZALE DELL'AGRICOLTURA;PIAZZALE DELL'AGRICOLTURA;;;Scontro laterale fra veicoli in marcia;Incrocio;Più di due carreggiate;Asciutto;Asfaltata;Verticale ed orizzontale;Sereno;Normale;Buona;Ore Diurne;0;0;0;3;;;-1;1;Autovettura pubblica;In marcia / fermata / arresto;Conducente;M;Illeso;0;;Utilizzato;Inesploso
1875860;12;16/05/2011 14:10;Strada Urbana;VIA CRISTOFORO COLOMBO;all'intersezione con;PIAZZALE DELL'AGRICOLTURA;PIAZZALE DELL'AGRICOLTURA;;;Scontro laterale fra veicoli in marcia;Incrocio;Più di due carreggiate;Asciutto;Asfaltata;Verticale ed orizzontale;Sereno;Normale;Buona;Ore Diurne;0;0;0;3;;;-1;2;Motociclo con passeggero;In marcia / fermata / arresto;Conducente;M;Illeso;0;;Utilizzato;Inesistente
1875860;12;16/05/2011 14:10;Strada Urbana;VIA CRISTOFORO COLOMBO;all'intersezione con;PIAZZALE DELL'AGRICOLTURA;PIAZZALE DELL'AGRICOLTURA;;;Scontro laterale fra veicoli in marcia;Incrocio;Più di due carreggiate;Asciutto;Asfaltata;Verticale ed orizzontale;Sereno;Normale;Buona;Ore Diurne;0;0;0;3;;;-1;2;Motociclo con passeggero;In marcia / fermata / arresto;Passeggero;M;Illeso;0;;Utilizzato;Inesistente
1875861;13;16/05/2011 18:45;Strada Urbana;VIA DELLE AZZORRE;all'intersezione con;VIA DELLE BALEARI;VIA DELLE BALEARI;;;Scontro frontale/laterale SX fra veicoli in marcia;Incrocio;Due carreggiate;Asciutto;Asfaltata;Orizzontale;Sereno;Normale;Buona;Ore Diurne;2;0;0;8;;;-1;1;Autovettura privata;In marcia / fermata / arresto;Conducente;M;Illeso;0;;Non accertato;Inesploso
1875861;13;16/05/2011 18:45;Strada Urbana;VIA DELLE AZZORRE;all'intersezione con;VIA DELLE BALEARI;VIA DELLE BALEARI;;;Scontro frontale/laterale SX fra veicoli in marcia;Incrocio;Due carreggiate;Asciutto;Asfaltata;Orizzontale;Sereno;Normale;Buona;Ore Diurne;2;0;0;8;;;-1;1;Autovettura privata;In marcia / fermata / arresto;Passeggero;F;Illeso;0;;Non accertato;Inesploso